fsn_id,order_date,Year,Month,order_id,order_item_id,gmv,units,deliverybdays,deliverycdays,s1_fact_order_payment_type,sla,cust_id,pincode,product_analytic_super_category,product_analytic_category,product_analytic_sub_category,product_analytic_vertical,product_mrp,product_procurement_sla
ACCCX3SG2GG9YYAH,1/22/2016 20:12:15,2016,1,2.50329E+15,2.50329E+15,5795,1,\N,\N,Prepaid,11,9.9836581941805E+017,3.66664842490286E+018,CE,CameraAccessory,CameraAccessory,Lens,7150,0
ACCCX3SG2GG9YYAH,1/24/2016 12:47:08,2016,1,2.50475E+15,2.50475E+15,6299,1,\N,\N,Prepaid,6,-1.21054263212043E+018,-3.91263302092939E+018,CE,CameraAccessory,CameraAccessory,Lens,7150,0
ACCCX3SG2GG9YYAH,1/21/2016 21:40:47,2016,1,2.50248E+15,2.50248E+15,6069,1,\N,\N,Prepaid,8,4.65126889810061E+018,9.81508430234042E+017,CE,CameraAccessory,CameraAccessory,Lens,7150,0
ACCCX3SG2GG9YYAH,1/15/2016 15:33:32,2016,1,4.49707E+15,4.49707E+15,6990,1,\N,\N,Prepaid,4,3.04825381891798E+018,1.79613880451754E+018,CE,CameraAccessory,CameraAccessory,Lens,7150,0
ACCCX3SG2GG9YYAH,1/21/2016 20:44:45,2016,1,3.50245E+15,3.50245E+15,6299,1,\N,\N,COD,8,1.11290202453184E+018,3.34232551126543E+018,CE,CameraAccessory,CameraAccessory,Lens,7150,0
ACCCX3SG2GG9YYAH,1/22/2016 14:01:17,2016,1,4.50307E+15,4.50307E+15,7090,1,\N,\N,Prepaid,8,-3.40876443420067E+018,6.31081589517762E+018,CE,CameraAccessory,CameraAccessory,Lens,7150,0
ACCCX3SG2GG9YYAH,1/23/2016 13:00:41,2016,1,1.50389E+15,1.50389E+15,6299,1,\N,\N,COD,13,-1.95102086719945E+018,-1.36355874880013E+018,CE,CameraAccessory,CameraAccessory,Lens,7150,0
ACCCX3SG2GG9YYAH,1/2/2016 12:46:10,2016,1,1.48574E+15,1.48574E+15,6990,1,\N,\N,Prepaid,4,-5.81809426865463E+018,-7.53452579042943E+018,CE,CameraAccessory,CameraAccessory,Lens,7150,0
ACCCX3SG2GG9YYAH,1/1/2016 11:42:03,2016,1,1.48484E+15,1.48484E+15,6990,1,\N,\N,Prepaid,8,-6.04598917238686E+018,3.05434965540004E+018,CE,CameraAccessory,CameraAccessory,Lens,7150,0
ACCCX3SG2GG9YYAH,1/28/2016 19:34:10,2016,1,4.50845E+15,4.50845E+15,6299,1,\N,\N,Prepaid,1,-5.80529803444675E+018,7.34649716669351E+018,CE,CameraAccessory,CameraAccessory,Lens,7150,0
ACCCX3SG2GG9YYAH,1/8/2016 13:58:13,2016,1,4.49097E+15,4.49097E+15,6990,1,\N,\N,COD,1,-4.37676846219387E+018,-9.779010321304E+017,CE,CameraAccessory,CameraAccessory,Lens,7150,0
ACCCX3SG2GG9YYAH,1/31/2016 13:52:42,2016,1,2.51083E+15,2.51083E+15,6699,1,\N,\N,Prepaid,2,-1.31419462949002E+018,6.1166679243864E+018,CE,CameraAccessory,CameraAccessory,Lens,7150,0
ACCCX3SG2GG9YYAH,1/23/2016 14:47:43,2016,1,3.50396E+15,3.50396E+15,5795,1,\N,\N,Prepaid,9,-4.9791941776725E+018,9.06892083579869E+018,CE,CameraAccessory,CameraAccessory,Lens,7150,0
ACCCX3SG2GG9YYAH,1/21/2016 14:26:44,2016,1,4.50222E+15,4.50222E+15,6299,1,\N,\N,Prepaid,5,1.7109891713461E+018,-7.31722767775032E+018,CE,CameraAccessory,CameraAccessory,Lens,7150,0
ACCCX3SG2GG9YYAH,1/30/2016 0:43:36,2016,1,1.5095E+15,1.5095E+15,6299,1,\N,\N,COD,8,7.62519217237722E+018,3.84177001014144E+018,CE,CameraAccessory,CameraAccessory,Lens,7150,0
ACCCX3SG2GG9YYAH,1/5/2016 11:27:36,2016,1,4.48828E+15,4.48828E+15,6990,1,\N,\N,Prepaid,5,-2.66705535602356E+018,-1.15511233364207E+018,CE,CameraAccessory,CameraAccessory,Lens,7150,0
ACCCX3SG2GG9YYAH,1/26/2016 7:16:57,2016,1,4.50626E+15,4.50626E+15,6299,1,\N,\N,COD,8,-4.17506763991269E+018,4.36662083750524E+018,CE,CameraAccessory,CameraAccessory,Lens,7150,0
ACCCX3SGAR6NNBMR,1/27/2016 22:14:43,2016,1,2.50768E+15,2.50768E+15,7048,1,\N,\N,COD,4,1.42959588136966E+018,8.38967694058532E+018,CE,CameraAccessory,CameraAccessory,Lens,7150,5
ACCCX3SGAR6NNBMR,1/11/2016 20:07:12,2016,1,1.49378E+15,1.49378E+15,6999,1,\N,\N,COD,4,-4.19021904836116E+018,2.98487524841081E+018,CE,CameraAccessory,CameraAccessory,Lens,7150,5
ACCCX3SGAR6NNBMR,1/19/2016 12:01:59,2016,1,3.5004E+15,3.5004E+15,6999,1,\N,\N,COD,3,-5.8985356443806E+018,-8.37215388925787E+018,CE,CameraAccessory,CameraAccessory,Lens,7150,5
ACCCX3SGAR6NNBMR,1/5/2016 15:17:31,2016,1,3.48842E+15,3.48842E+15,6990,1,\N,\N,COD,10,6.6062941489403E+018,-2.49895647663618E+018,CE,CameraAccessory,CameraAccessory,Lens,7150,5
ACCCX3SGAR6NNBMR,1/6/2016 19:11:37,2016,1,3.48943E+15,3.48943E+15,6969,1,\N,\N,COD,10,7.55964232707789E+018,3.62594267530333E+018,CE,CameraAccessory,CameraAccessory,Lens,7150,5
ACCCX3SGDGPZAQXD,1/20/2016 18:34:52,2016,1,2.5015E+15,2.5015E+15,7925,1,\N,\N,Prepaid,7,8.97625032037034E+018,8.43141926973405E+018,CE,CameraAccessory,CameraAccessory,Lens,17995,5
ACCCX3SGDGPZAQXD,1/18/2016 6:53:29,2016,1,1.49935E+15,1.49935E+15,8815,1,\N,\N,COD,12,7.61523157733399E+018,-8.79738067208749E+018,CE,CameraAccessory,CameraAccessory,Lens,17995,5
ACCCX3SGDGPZAQXD,1/31/2016 22:40:10,2016,1,4.51115E+15,4.51115E+15,8999,1,\N,\N,COD,7,6.51001833109379E+018,-8.62898142610414E+018,CE,CameraAccessory,CameraAccessory,Lens,17995,5
ACCCX3SGDGPZAQXD,1/15/2016 22:00:56,2016,1,4.49729E+15,4.49729E+15,8815,1,\N,\N,Prepaid,7,2.68135082628162E+018,6.40491320207757E+018,CE,CameraAccessory,CameraAccessory,Lens,17995,5
ACCCX3SGDGPZAQXD,1/23/2016 13:50:41,2016,1,3.50392E+15,3.50392E+15,8615,1,\N,\N,COD,2,7.46101625897275E+018,4.65468295250851E+018,CE,CameraAccessory,CameraAccessory,Lens,17995,5
ACCCX3SGDGPZAQXD,1/22/2016 9:36:08,2016,1,3.5029E+15,3.5029E+15,7925,1,\N,\N,Prepaid,6,4.91617770345877E+018,5.40550111789787E+018,CE,CameraAccessory,CameraAccessory,Lens,17995,5
ACCCX3SGDGPZAQXD,1/9/2016 15:47:13,2016,1,1.4919E+15,1.4919E+15,8815,1,\N,\N,Prepaid,9,4.78006774956127E+018,-3.26487680834635E+018,CE,CameraAccessory,CameraAccessory,Lens,17995,5
ACCCX3SGDGPZAQXD,1/6/2016 10:58:05,2016,1,2.48913E+15,2.48913E+15,8815,1,\N,\N,Prepaid,5,8.51918093625992E+018,-6.57163828779004E+018,CE,CameraAccessory,CameraAccessory,Lens,17995,5
ACCCX3SGDGPZAQXD,1/11/2016 9:54:46,2016,1,4.49341E+15,4.49341E+15,8272,1,\N,\N,COD,8,-3.4126006267992E+017,9.12057365683474E+018,CE,CameraAccessory,CameraAccessory,Lens,17995,5
ACCCX3SGDGPZAQXD,1/22/2016 20:51:23,2016,1,1.50331E+15,1.50331E+15,8615,1,\N,\N,COD,5,-4.54157888180202E+018,-2.24545637824427E+018,CE,CameraAccessory,CameraAccessory,Lens,17995,5
ACCCX3SGDGPZAQXD,1/22/2016 19:16:15,2016,1,3.50325E+15,3.50325E+15,7925,1,\N,\N,Prepaid,8,8.56010976221393E+018,5.8570949627273E+018,CE,CameraAccessory,CameraAccessory,Lens,17995,5
ACCCX3SGDZFGCGHX,1/9/2016 13:04:44,2016,1,2.4918E+15,2.4918E+15,21330,1,\N,\N,COD,8,-7.01863913900758E+018,6.82070796906509E+018,CE,CameraAccessory,CameraAccessory,Lens,23700,-1
ACCCX3SGDZFGCGHX,1/10/2016 20:20:42,2016,1,3.49292E+15,3.49292E+15,21330,1,\N,\N,Prepaid,5,5.94098621261028E+018,-2.24545637824427E+018,CE,CameraAccessory,CameraAccessory,Lens,23700,-1
ACCCX3SGEP6YD7SW,1/17/2016 13:46:04,2016,1,2.49873E+15,2.49873E+15,7299,1,\N,\N,COD,6,-2.09254241398294E+018,2.98747329621168E+018,CE,CameraAccessory,CameraAccessory,Lens,10490,1
ACCCX3SGHECGPPFU,1/21/2016 20:36:45,2016,1,3.50244E+15,3.50244E+15,5699,1,\N,\N,COD,7,-1.89948592793413E+018,-2.26902199676006E+018,CE,CameraAccessory,CameraAccessory,Lens,7450,5
ACCCX3SGHECGPPFU,1/20/2016 23:54:12,2016,1,4.50169E+15,4.50169E+15,5699,1,\N,\N,Prepaid,8,-6.04598917238686E+018,3.05434965540004E+018,CE,CameraAccessory,CameraAccessory,Lens,7450,5
ACCCX3SGRHSRGTHZ,1/20/2016 13:38:14,2016,1,2.50132E+15,2.50132E+15,12799,1,\N,\N,COD,8,8.73893807043705E+017,-3.28980612780908E+018,CE,CameraAccessory,CameraAccessory,Lens,19500,2
ACCCX3SGYFUHGMJZ,1/3/2016 10:43:36,2016,1,4.48652E+15,4.48652E+15,37990,1,\N,\N,Prepaid,9,4.59577356086369E+018,8.04577938509015E+018,CE,CameraAccessory,CameraAccessory,Lens,39995,4
ACCCX3SHBDQGU54P,1/31/2016 14:16:13,2016,1,1.51085E+15,1.51085E+15,4075,1,\N,\N,COD,8,-1.48237894205464E+018,-1.6122941250945E+018,CE,CameraAccessory,CameraAccessory,CameraBag,5999,0
ACCCX3SHBDQGU54P,1/3/2016 17:37:32,2016,1,4.48678E+15,4.48678E+15,4099,1,\N,\N,COD,7,9.02119616228287E+017,-1.78535422189747E+018,CE,CameraAccessory,CameraAccessory,CameraBag,5999,0
ACCCX3SHBDQGU54P,1/9/2016 23:37:06,2016,1,2.49218E+15,2.49218E+15,4098,1,\N,\N,Prepaid,3,1.75253897704033E+018,-8.32611110589699E+018,CE,CameraAccessory,CameraAccessory,CameraBag,5999,0
ACCCX3SHBDQGU54P,1/18/2016 12:07:00,2016,1,3.49954E+15,3.49954E+15,4098,1,\N,\N,COD,3,8.85465409063378E+018,3.38610437430091E+018,CE,CameraAccessory,CameraAccessory,CameraBag,5999,0
ACCCX3SHHBMAZZFS,1/1/2016 17:23:59,2016,1,2.48504E+15,2.48504E+15,849,1,\N,\N,COD,3,5.21276702530903E+018,-1.60301552432665E+017,CE,CameraAccessory,CameraAccessory,CameraBag,1250,1
ACCCX3SHMBRSBGTR,1/23/2016 3:37:06,2016,1,3.50355E+15,3.50355E+15,8730,1,\N,\N,Prepaid,4,-1.43811376564856E+018,-2.83241819758208E+018,CE,CameraAccessory,CameraAccessory,CameraBag,13990,3
ACCCX3SHQUAJJG2F,1/22/2016 8:10:31,2016,1,2.50286E+15,2.50286E+15,1699,1,\N,\N,COD,6,-3.45370666810236E+017,-7.91828931422526E+018,CE,CameraAccessory,CameraAccessory,CameraBag,2490,2
ACCCX3SHQUAJJG2F,1/10/2016 9:52:21,2016,1,2.49255E+15,2.49255E+15,1698,1,\N,\N,COD,3,-9.15524455200791E+018,-4.76917064425218E+018,CE,CameraAccessory,CameraAccessory,CameraBag,2490,2
ACCCX3SHQUAJJG2F,1/6/2016 13:03:32,2016,1,2.48921E+15,2.48921E+15,1699,1,\N,\N,COD,6,-3.45370666810236E+017,-7.91828931422526E+018,CE,CameraAccessory,CameraAccessory,CameraBag,2490,2
ACCCX3SHQUAJJG2F,1/14/2016 13:11:05,2016,1,2.49612E+15,2.49612E+15,1395,1,\N,\N,COD,5,4.28752993855426E+018,2.54102179547749E+018,CE,CameraAccessory,CameraAccessory,CameraBag,2490,2
ACCCX3SHQUAJJG2F,1/14/2016 9:52:57,2016,1,2.496E+15,2.496E+15,1698,1,\N,\N,COD,5,4.28752993855426E+018,2.54102179547749E+018,CE,CameraAccessory,CameraAccessory,CameraBag,2490,2
ACCCX3SHQUAJJG2F,1/4/2016 13:05:36,2016,1,4.48748E+15,4.48748E+15,1715,1,\N,\N,Prepaid,8,-8.84444347829187E+018,-3.92431619831568E+018,CE,CameraAccessory,CameraAccessory,CameraBag,2490,2
ACCCX3SHQUAJJG2F,1/22/2016 21:12:16,2016,1,4.50332E+15,4.50332E+15,1699,1,\N,\N,Prepaid,4,9.01050901176537E+018,1.72757677352677E+018,CE,CameraAccessory,CameraAccessory,CameraBag,2490,2
ACCCX3SHSDEJRJFB,1/30/2016 15:15:35,2016,1,4.51002E+15,4.51002E+15,1360,1,\N,\N,COD,7,-8.15662970613874E+017,4.01746074701061E+017,CE,CameraAccessory,CameraAccessory,CameraBag,1500,5
ACCCX3SHSVHHGWB2,1/18/2016 10:44:46,2016,1,2.49949E+15,2.49949E+15,1225,1,\N,\N,Prepaid,3,4.33938454902151E+018,6.43507930942093E+017,CE,CameraAccessory,CameraAccessory,CameraBag,1800,1
ACCCX3SHSVHHGWB2,1/1/2016 13:01:31,2016,1,1.48488E+15,1.48488E+15,1225,1,\N,\N,Prepaid,1,9.28790925349132E+017,4.84696779902213E+018,CE,CameraAccessory,CameraAccessory,CameraBag,1800,1
ACCCX3SU22JG8NJX,1/31/2016 23:21:10,2016,1,2.51117E+15,2.51117E+15,1250,2,\N,\N,COD,5,5.31052024345335E+018,6.5957250596865E+018,CE,CameraAccessory,CameraAccessory,CameraBattery,1545,1
ACCCX3SU3FJYFUZG,1/31/2016 13:59:38,2016,1,3.51084E+15,3.51084E+15,1565,1,\N,\N,COD,5,-4.98703808763712E+018,2.22291239299478E+018,CE,CameraAccessory,CameraAccessory,CameraBatteryCharger,2995,3
ACCCX3SU3FJYFUZG,1/31/2016 11:04:08,2016,1,3.51074E+15,3.51074E+15,1565,1,\N,\N,COD,6,-1.068667940913E+018,8.23107022813086E+018,CE,CameraAccessory,CameraAccessory,CameraBatteryCharger,2995,3
ACCCX3SU3FJYFUZG,1/15/2016 22:01:38,2016,1,1.4973E+15,1.4973E+15,1565,1,\N,\N,Prepaid,5,-4.34414657422777E+018,4.20097681538895E+018,CE,CameraAccessory,CameraAccessory,CameraBatteryCharger,2995,3
ACCCX3SU3FJYFUZG,1/8/2016 17:08:36,2016,1,2.49108E+15,2.49108E+15,1565,1,\N,\N,COD,5,-7.92084303809709E+018,-8.37928065862133E+018,CE,CameraAccessory,CameraAccessory,CameraBatteryCharger,2995,3
ACCCX3SU5VYKHSZG,1/8/2016 17:21:30,2016,1,3.49109E+15,3.49109E+15,754,1,\N,\N,COD,5,-2.14239318550873E+018,6.85042718498447E+018,CE,CameraAccessory,CameraAccessory,CameraBattery,3810,13
ACCCX3SUBXAF4QRK,1/26/2016 23:31:35,2016,1,3.50686E+15,3.50686E+15,380,1,\N,\N,Prepaid,4,2.80822303394598E+018,-1.87353816858401E+018,CE,CameraAccessory,CameraAccessory,Lens,285,-1
ACCCX3SUEACQJ2QG,1/6/2016 15:34:37,2016,1,2.4893E+15,2.4893E+15,170,1,\N,\N,Prepaid,6,-5.17540524238884E+018,-9.1300472167024E+017,CE,CameraAccessory,CameraAccessory,Lens,399,2
ACCCX3SUEACQJ2QG,1/31/2016 21:59:10,2016,1,2.51113E+15,2.51113E+15,238,1,\N,\N,COD,6,8.73393998240871E+018,8.0696189706469E+018,CE,CameraAccessory,CameraAccessory,Lens,399,2
ACCCX3SUEACQJ2QG,1/31/2016 22:19:41,2016,1,3.51114E+15,3.51114E+15,238,1,\N,\N,Prepaid,4,2.90450843874272E+018,2.66220391671577E+018,CE,CameraAccessory,CameraAccessory,Lens,399,2
ACCCX3SUEACQJ2QG,1/21/2016 16:23:11,2016,1,3.50229E+15,3.50229E+15,239,1,\N,\N,COD,8,-7.4589359494113E+018,-8.08379950629886E+018,CE,CameraAccessory,CameraAccessory,Lens,399,2
ACCCX3SUEACQJ2QG,1/25/2016 8:50:25,2016,1,2.50546E+15,2.50546E+15,238,1,\N,\N,Prepaid,6,7.71542177396103E+018,2.64420813449445E+018,CE,CameraAccessory,CameraAccessory,Lens,399,2
ACCCX3SUEACQJ2QG,1/14/2016 20:56:08,2016,1,3.4964E+15,3.4964E+15,239,1,\N,\N,COD,8,6.2591493299636E+018,-9.97211834163241E+017,CE,CameraAccessory,CameraAccessory,Lens,399,2
ACCCX3SUEACQJ2QG,1/2/2016 12:18:36,2016,1,1.48573E+15,1.48573E+15,170,1,\N,\N,COD,7,-6.33346854013215E+018,6.51333054134398E+018,CE,CameraAccessory,CameraAccessory,Lens,399,2
ACCCX3SUEACQJ2QG,1/9/2016 23:51:01,2016,1,2.49219E+15,2.49219E+15,170,1,\N,\N,COD,7,-8.31227135930934E+018,2.18391849719089E+018,CE,CameraAccessory,CameraAccessory,Lens,399,2
ACCCX3SUEACQJ2QG,1/4/2016 11:19:06,2016,1,3.48742E+15,3.48742E+15,170,1,\N,\N,Prepaid,6,6.19153144930115E+018,-2.00178400200869E+017,CE,CameraAccessory,CameraAccessory,Lens,399,2
ACCCX3SUEACQJ2QG,1/31/2016 16:56:42,2016,1,4.51094E+15,4.51094E+15,460,2,\N,\N,Prepaid,7,-7.35684969352043E+018,6.00708229234001E+018,CE,CameraAccessory,CameraAccessory,Lens,399,2
ACCCX3SUEACQJ2QG,1/1/2016 17:53:58,2016,1,2.48506E+15,2.48506E+15,170,1,\N,\N,COD,6,5.54730827978336E+018,-5.09480959544079E+017,CE,CameraAccessory,CameraAccessory,Lens,399,2
ACCCX3SUEACQJ2QG,1/6/2016 21:26:44,2016,1,2.48951E+15,2.48951E+15,170,1,\N,\N,COD,6,-8.60837426136426E+017,8.64964845601641E+018,CE,CameraAccessory,CameraAccessory,Lens,399,2
ACCCX3SUEACQJ2QG,1/5/2016 2:14:32,2016,1,2.48794E+15,2.48794E+15,170,1,\N,\N,COD,6,4.79225083824655E+018,-1.53521746358512E+018,CE,CameraAccessory,CameraAccessory,Lens,399,2
ACCCX3SUGV6EFVBH,1/1/2016 21:12:09,2016,1,4.48518E+15,4.48518E+15,657,1,\N,\N,COD,5,3.09783455984305E+018,2.08941992580576E+018,CE,CameraAccessory,CameraAccessory,CameraBattery,4370,14
ACCCX3SUGV6EFVBH,1/22/2016 23:25:17,2016,1,4.50341E+15,4.50341E+15,945,1,\N,\N,COD,6,4.27538257605859E+018,-6.51222149386602E+018,CE,CameraAccessory,CameraAccessory,CameraBattery,4370,14
ACCCX3SUGV6EFVBH,1/5/2016 17:02:04,2016,1,3.48848E+15,3.48848E+15,999,1,\N,\N,COD,5,-2.4610836484943E+018,-8.87136709463468E+018,CE,CameraAccessory,CameraAccessory,CameraBattery,4370,14
ACCCX3SUGV6EFVBH,1/4/2016 21:21:40,2016,1,4.48778E+15,4.48778E+15,657,1,\N,\N,Prepaid,8,1.62988961716336E+018,2.95973173256986E+018,CE,CameraAccessory,CameraAccessory,CameraBattery,4370,14
ACCCX3SUVBGFAZD4,1/25/2016 15:26:12,2016,1,4.50571E+15,4.50571E+15,782,1,\N,\N,Prepaid,5,-7.8729611589729E+018,6.28468070145385E+018,CE,CameraAccessory,CameraAccessory,CameraBattery,1440,5
ACCCX3SUVBGFAZD4,1/5/2016 20:57:41,2016,1,2.48863E+15,2.48863E+15,782,1,\N,\N,COD,6,4.90435459083834E+018,7.92986299478797E+018,CE,CameraAccessory,CameraAccessory,CameraBattery,1440,5
ACCCX3SUVBGFAZD4,1/3/2016 10:43:33,2016,1,1.48653E+15,1.48653E+15,782,1,\N,\N,Prepaid,6,4.88988158188333E+018,6.40491320207757E+018,CE,CameraAccessory,CameraAccessory,CameraBattery,1440,5
ACCCX3SUXUNQCRGW,1/26/2016 16:23:10,2016,1,2.50661E+15,2.50661E+15,1004,1,\N,\N,COD,6,-9.45036751859545E+017,6.60999660967843E+018,CE,CameraAccessory,CameraAccessory,CameraBattery,5730,5
ACCCXGEQHJVZ8QEB,1/20/2016 12:22:31,2016,1,3.50127E+15,3.50127E+15,9849,1,\N,\N,Prepaid,6,-6.99007612126989E+018,-5.90386145968781E+018,CE,CameraAccessory,CameraAccessory,Lens,16959,3
ACCCXGEQHJVZ8QEB,1/16/2016 9:28:44,2016,1,2.49771E+15,2.49771E+15,9990,1,\N,\N,Prepaid,3,-8.97125609915929E+018,4.45983273096547E+018,CE,CameraAccessory,CameraAccessory,Lens,16959,3
ACCCXGEQHJVZ8QEB,1/22/2016 22:54:47,2016,1,1.50339E+15,1.50339E+15,9849,1,\N,\N,Prepaid,1,5.20370164312049E+018,-3.00056782441484E+018,CE,CameraAccessory,CameraAccessory,Lens,16959,3
ACCCXGEQHJVZ8QEB,1/5/2016 11:49:03,2016,1,2.48829E+15,2.48829E+15,9990,1,\N,\N,Prepaid,4,-3.31898867292647E+018,-6.37149067172787E+018,CE,CameraAccessory,CameraAccessory,Lens,16959,3
ACCCXGEQHJVZ8QEB,1/9/2016 14:15:09,2016,1,2.49183E+15,2.49183E+15,9990,1,\N,\N,Prepaid,2,-7.48561318976606E+018,6.1166679243864E+018,CE,CameraAccessory,CameraAccessory,Lens,16959,3
ACCCXGEQHJVZ8QEB,1/11/2016 10:56:25,2016,1,3.49345E+15,3.49345E+15,9990,1,\N,\N,Prepaid,3,-1.89566849861289E+018,8.26670789210593E+018,CE,CameraAccessory,CameraAccessory,Lens,16959,3
ACCCXGEQHJVZ8QEB,1/7/2016 22:11:45,2016,1,2.4904E+15,2.4904E+15,9990,1,\N,\N,COD,5,8.39343255795956E+018,3.96884403172325E+018,CE,CameraAccessory,CameraAccessory,Lens,16959,3
ACCCXGEQHJVZ8QEB,1/30/2016 1:22:48,2016,1,3.50952E+15,3.50952E+15,9849,1,\N,\N,COD,6,-6.17444183203768E+018,8.4521227823704E+018,CE,CameraAccessory,CameraAccessory,Lens,16959,3
ACCCYH98AZH5WHDF,1/21/2016 1:21:37,2016,1,3.50174E+15,3.50174E+15,9899,1,\N,\N,Prepaid,2,5.99002505490039E+018,1.15136841865603E+018,CE,CameraAccessory,CameraAccessory,Lens,15200,6
ACCCYH98AZH5WHDF,1/23/2016 22:32:15,2016,1,3.50424E+15,3.50424E+15,9107,1,\N,\N,Prepaid,3,6.37161114730622E+018,-3.95746772496351E+018,CE,CameraAccessory,CameraAccessory,Lens,15200,6
ACCCYH98AZH5WHDF,1/10/2016 13:19:39,2016,1,4.49267E+15,4.49267E+15,20900,2,\N,\N,Prepaid,2,6.19574284105669E+018,-1.77430666263676E+018,CE,CameraAccessory,CameraAccessory,Lens,15200,6
ACCCYH98AZH5WHDF,1/22/2016 20:51:49,2016,1,1.50331E+15,1.50331E+15,9107,1,\N,\N,Prepaid,6,2.23604269143028E+018,-4.76917064425218E+018,CE,CameraAccessory,CameraAccessory,Lens,15200,6
ACCCYH98AZH5WHDF,1/11/2016 21:46:39,2016,1,3.49384E+15,3.49384E+15,10450,1,\N,\N,Prepaid,7,-6.39625668077911E+018,-7.70816034119555E+018,CE,CameraAccessory,CameraAccessory,Lens,15200,6
ACCCYH98AZH5WHDF,1/5/2016 21:39:38,2016,1,3.48865E+15,3.48865E+15,10990,1,\N,\N,Prepaid,7,5.78012566898062E+018,-9.97211834163241E+017,CE,CameraAccessory,CameraAccessory,Lens,15200,6
ACCCYH98AZH5WHDF,1/28/2016 16:04:26,2016,1,3.50832E+15,3.50832E+15,9999,1,\N,\N,Prepaid,1,-8.37668944563184E+018,2.69507730706987E+018,CE,CameraAccessory,CameraAccessory,Lens,15200,6
ACCCYH98AZH5WHDF,1/28/2016 23:55:52,2016,1,3.50861E+15,3.50861E+15,9999,1,\N,\N,Prepaid,7,-1.8422451557626E+018,7.79533612356769E+018,CE,CameraAccessory,CameraAccessory,Lens,15200,6
ACCCYNHKFGZPHFVU,1/6/2016 15:06:07,2016,1,4.48928E+15,4.48928E+15,23275,1,\N,\N,COD,6,-1.46468471552471E+018,7.26807068257866E+018,CE,CameraAccessory,CameraAccessory,Lens,27800,1
ACCCYNHKFGZPHFVU,1/23/2016 10:14:33,2016,1,3.50379E+15,3.50379E+15,21684,1,\N,\N,COD,9,-6.36385562366055E+018,8.07669666047536E+018,CE,CameraAccessory,CameraAccessory,Lens,27800,1
ACCCYNHKSWFXGRD8,1/18/2016 10:53:18,2016,1,2.49949E+15,2.49949E+15,14100,1,\N,\N,COD,7,8.13086107901593E+018,-8.10290557229192E+018,CE,CameraAccessory,CameraAccessory,Lens,15775,3
ACCCYNHKSWFXGRD8,1/26/2016 19:44:10,2016,1,3.50673E+15,3.50673E+15,16102,1,\N,\N,Prepaid,8,2.73554256188815E+017,-1.33105721918333E+018,CE,CameraAccessory,CameraAccessory,Lens,15775,3
ACCCYNHKYHJ4KXBG,1/30/2016 18:59:38,2016,1,3.51015E+15,3.51015E+15,8800,1,\N,\N,Prepaid,4,-7.31085717502615E+018,-3.47037411860198E+018,CE,CameraAccessory,CameraAccessory,Lens,10400,0
ACCCYNHKYHJ4KXBG,1/1/2016 19:14:30,2016,1,4.48511E+15,4.48511E+15,8699,1,\N,\N,COD,8,-6.54083607339641E+018,-1.28155998924341E+017,CE,CameraAccessory,CameraAccessory,Lens,10400,0
ACCCYNHKYHJ4KXBG,1/20/2016 9:32:37,2016,1,2.50118E+15,2.50118E+15,6513,1,\N,\N,Prepaid,3,7.79997241607788E+018,2.66220391671577E+018,CE,CameraAccessory,CameraAccessory,Lens,10400,0
ACCCYZFZZJYF95F3,1/19/2016 14:02:03,2016,1,2.50048E+15,2.50048E+15,8650,1,\N,\N,COD,4,4.26291150805483E+018,-4.14208157114913E+018,CE,CameraAccessory,CameraAccessory,Lens,10400,5
ACCCYZFZZJYF95F3,1/17/2016 14:27:37,2016,1,4.49876E+15,4.49876E+15,8650,1,\N,\N,COD,5,-5.21253742649735E+017,7.59673643125406E+018,CE,CameraAccessory,CameraAccessory,Lens,10400,5
ACCCYZFZZJYF95F3,1/10/2016 11:11:34,2016,1,1.4926E+15,1.4926E+15,8650,1,\N,\N,COD,3,3.32441840419396E+018,7.83528908478719E+018,CE,CameraAccessory,CameraAccessory,Lens,10400,5
ACCCYZFZZJYF95F3,1/21/2016 15:46:49,2016,1,4.50226E+15,4.50226E+15,7463,1,\N,\N,Prepaid,3,4.9928571564538E+018,-5.11215135034814E+018,CE,CameraAccessory,CameraAccessory,Lens,10400,5
ACCCYZFZZJYF95F3,1/29/2016 12:38:39,2016,1,1.50906E+15,1.50906E+15,8800,1,\N,\N,COD,10,7.57481918680405E+017,-1.36355874880013E+018,CE,CameraAccessory,CameraAccessory,Lens,10400,5
ACCCZ34CBVZJTVQF,1/20/2016 19:24:50,2016,1,3.50153E+15,3.50153E+15,2550,1,\N,\N,COD,3,3.48742173781551E+018,2.29138238772398E+018,CE,GamingHardware,GamingAccessory,GamePad,3999,5
ACCCZ34CBVZJTVQF,1/25/2016 19:43:08,2016,1,3.50586E+15,3.50586E+15,2600,1,\N,\N,COD,9,2.79777532776355E+018,1.34315063485761E+018,CE,GamingHardware,GamingAccessory,GamePad,3999,5
ACCCZ34CBVZJTVQF,1/7/2016 9:52:57,2016,1,3.48996E+15,3.48996E+15,3390,1,\N,\N,COD,3,-8.31287173581161E+018,-3.45219200008432E+018,CE,GamingHardware,GamingAccessory,GamePad,3999,5
ACCCZ34CBVZJTVQF,1/16/2016 13:06:33,2016,1,1.49785E+15,1.49785E+15,2550,1,\N,\N,COD,6,-4.63127056089853E+018,-6.98729442113806E+018,CE,GamingHardware,GamingAccessory,GamePad,3999,5
ACCCZ34CBVZJTVQF,1/17/2016 23:03:30,2016,1,1.49907E+15,1.49907E+15,2550,1,\N,\N,Prepaid,5,2.12542769081284E+018,-1.33813353606857E+018,CE,GamingHardware,GamingAccessory,GamePad,3999,5
ACCCZ34CBZFWKPBQ,1/24/2016 18:27:00,2016,1,1.50494E+15,1.50494E+15,2840,2,\N,\N,Prepaid,7,8.30842007189396E+018,-4.76320876903354E+018,CE,GamingHardware,GamingAccessory,GamePad,3500,1
ACCCZ34CBZFWKPBQ,1/23/2016 16:27:38,2016,1,4.50402E+15,4.50402E+15,1439,1,\N,\N,COD,4,-7.34679451870996E+018,-4.38381186511431E+018,CE,GamingHardware,GamingAccessory,GamePad,3500,1
ACCCZ34CBZFWKPBQ,1/27/2016 0:03:20,2016,1,1.50689E+15,1.50689E+15,1409,1,\N,\N,COD,5,4.64022970642966E+018,-5.92236318527949E+018,CE,GamingHardware,GamingAccessory,GamePad,3500,1
ACCCZ34CBZFWKPBQ,1/9/2016 17:49:11,2016,1,3.49197E+15,3.49197E+15,1617,1,\N,\N,COD,7,-4.40944613006889E+018,-3.40036566415911E+018,CE,GamingHardware,GamingAccessory,GamePad,3500,1
ACCCZ34CBZFWKPBQ,1/29/2016 14:05:10,2016,1,1.50912E+15,1.50912E+15,1349,1,\N,\N,COD,7,-2.74133011234838E+018,9.88679753684945E+015,CE,GamingHardware,GamingAccessory,GamePad,3500,1
ACCCZ34CBZFWKPBQ,1/2/2016 19:30:08,2016,1,4.48598E+15,4.48598E+15,1577,1,\N,\N,COD,6,-7.33134285389503E+018,-9.779010321304E+017,CE,GamingHardware,GamingAccessory,GamePad,3500,1
ACCCZ34CBZFWKPBQ,1/8/2016 23:28:07,2016,1,3.49131E+15,3.49131E+15,1617,1,\N,\N,COD,5,-6.1869627990175E+018,7.90797658406411E+018,CE,GamingHardware,GamingAccessory,GamePad,3500,1
ACCCZ34CBZFWKPBQ,1/16/2016 8:17:10,2016,1,1.49767E+15,1.49767E+15,1499,1,\N,\N,COD,10,9.40826838633053E+017,-3.62845624705617E+018,CE,GamingHardware,GamingAccessory,GamePad,3500,1
ACCCZ34CBZFWKPBQ,1/6/2016 17:18:31,2016,1,2.48936E+15,2.48936E+15,3154,2,\N,\N,COD,7,6.60206447547921E+018,4.6397591369589E+018,CE,GamingHardware,GamingAccessory,GamePad,3500,1
ACCCZ34CBZFWKPBQ,1/17/2016 10:19:02,2016,1,1.49861E+15,1.49861E+15,1499,1,\N,\N,Prepaid,5,-6.60144195455051E+018,-9.779010321304E+017,CE,GamingHardware,GamingAccessory,GamePad,3500,1
ACCCZ34CBZFWKPBQ,1/18/2016 21:23:40,2016,1,1.49988E+15,1.49988E+15,1499,1,\N,\N,COD,5,-5.10417804655596E+017,8.3660739753845E+018,CE,GamingHardware,GamingAccessory,GamePad,3500,1
ACCCZ34CBZFWKPBQ,1/7/2016 0:21:26,2016,1,4.48961E+15,4.48961E+15,1577,1,\N,\N,COD,4,3.22821418984803E+018,-8.40051096556132E+016,CE,GamingHardware,GamingAccessory,GamePad,3500,1
ACCCZ34CBZFWKPBQ,1/10/2016 21:24:38,2016,1,3.49296E+15,3.49296E+15,1569,1,\N,\N,COD,6,-6.56607197057925E+018,-9.779010321304E+017,CE,GamingHardware,GamingAccessory,GamePad,3500,1
ACCCZ34CBZFWKPBQ,1/28/2016 2:23:13,2016,1,1.50783E+15,1.50783E+15,1349,1,\N,\N,COD,7,2.37451965426222E+018,1.61557407126749E+018,CE,GamingHardware,GamingAccessory,GamePad,3500,1
ACCCZ34CBZFWKPBQ,1/8/2016 20:43:37,2016,1,4.49121E+15,4.49121E+15,1617,1,\N,\N,COD,5,5.95234923420185E+018,9.13753250449704E+018,CE,GamingHardware,GamingAccessory,GamePad,3500,1
ACCCZ34CBZFWKPBQ,1/21/2016 20:37:51,2016,1,2.50244E+15,2.50244E+15,1439,1,\N,\N,COD,5,-4.8413709230465E+018,-8.94226639069058E+018,CE,GamingHardware,GamingAccessory,GamePad,3500,1
ACCCZ34CBZFWKPBQ,1/10/2016 0:49:47,2016,1,4.49222E+15,4.49222E+15,1617,1,\N,\N,COD,7,5.88496237554949E+018,1.43590924496511E+018,CE,GamingHardware,GamingAccessory,GamePad,3500,1
ACCCZ34CBZFWKPBQ,1/23/2016 18:23:39,2016,1,3.50409E+15,3.50409E+15,1439,1,\N,\N,Prepaid,5,8.3211488672425E+017,7.34649716669351E+018,CE,GamingHardware,GamingAccessory,GamePad,3500,1
ACCCZ34CBZFWKPBQ,1/26/2016 15:23:40,2016,1,1.50657E+15,1.50657E+15,1409,1,\N,\N,COD,4,9.15858822305439E+018,4.33728142950301E+018,CE,GamingHardware,GamingAccessory,GamePad,3500,1
ACCCZ34CBZFWKPBQ,1/17/2016 19:20:18,2016,1,3.49894E+15,3.49894E+15,1499,1,\N,\N,COD,6,7.61833529692483E+018,-6.63878718142298E+018,CE,GamingHardware,GamingAccessory,GamePad,3500,1
ACCCZ34CBZFWKPBQ,1/2/2016 21:55:38,2016,1,3.48607E+15,3.48607E+15,1577,1,\N,\N,COD,5,-5.66131402035695E+018,-2.9761595577249E+018,CE,GamingHardware,GamingAccessory,GamePad,3500,1
ACCCZ34EZDHPBS9K,1/5/2016 14:32:02,2016,1,4.4884E+15,4.4884E+15,1950,1,\N,\N,COD,13,-5.59968243561154E+018,-6.52234269896958E+018,CE,GamingHardware,GamingAccessory,GamingAccessoryKit,2000,1
ACCCZ3T2GWQEHFFC,1/3/2016 20:57:06,2016,1,3.4869E+15,3.4869E+15,733,1,\N,\N,COD,5,-2.09376422700561E+018,-3.36520907856244E+018,CE,GamingHardware,GamingAccessory,GamingAccessoryKit,1799,2
ACCCZ3TE442VHFRH,1/7/2016 20:57:08,2016,1,4.49036E+15,4.49036E+15,499,1,\N,\N,COD,5,-6.2530728840943E+018,5.04217260097204E+017,CE,GamingHardware,GamingAccessory,GamingMemoryCard,699,-1
ACCCZ3TE442VHFRH,1/8/2016 17:30:32,2016,1,3.4911E+15,3.4911E+15,499,1,\N,\N,COD,11,8.32195060392626E+018,7.46566200896701E+018,CE,GamingHardware,GamingAccessory,GamingMemoryCard,699,-1
ACCCZJE9HHEZGTTX,1/19/2016 23:58:57,2016,1,4.50083E+15,4.50083E+15,549,1,\N,\N,COD,6,3.0225048873595E+017,-8.4775485651847E+018,CE,GamingHardware,GamingAccessory,GamePad,1750,5
ACCCZJE9HHEZGTTX,1/29/2016 4:12:42,2016,1,3.50876E+15,3.50876E+15,550,1,\N,\N,COD,9,-4.94009968833813E+018,4.64697417490247E+017,CE,GamingHardware,GamingAccessory,GamePad,1750,5
ACCCZJE9HHEZGTTX,1/31/2016 10:05:01,2016,1,3.5107E+15,3.5107E+15,550,1,\N,\N,COD,8,9.8826841814805E+017,-6.61536159486872E+018,CE,GamingHardware,GamingAccessory,GamePad,1750,5
ACCCZQ8YWF4AH7GJ,1/2/2016 19:01:04,2016,1,4.48597E+15,4.48597E+15,289,1,\N,\N,COD,7,-8.85286011867408E+017,-7.17875945479087E+018,CE,GamingHardware,GamingAccessory,GamingMemoryCard,990,3
ACCCZQ8YWF4AH7GJ,1/29/2016 21:03:45,2016,1,1.50937E+15,1.50937E+15,279,1,\N,\N,COD,6,-3.01794693564566E+018,5.15411626712746E+018,CE,GamingHardware,GamingAccessory,GamingMemoryCard,990,3
ACCCZQ8YWF4AH7GJ,1/31/2016 2:56:55,2016,1,2.51043E+15,2.51043E+15,279,1,\N,\N,Prepaid,6,8.5838288604803E+018,5.41109158462421E+018,CE,GamingHardware,GamingAccessory,GamingMemoryCard,990,3
ACCCZQ8YWF4AH7GJ,1/2/2016 2:14:56,2016,1,2.48536E+15,2.48536E+15,289,1,\N,\N,COD,6,-4.75668573881195E+018,1.92042432065769E+018,CE,GamingHardware,GamingAccessory,GamingMemoryCard,990,3
ACCCZQ8YWF4AH7GJ,1/14/2016 22:17:07,2016,1,1.49645E+15,1.49645E+15,279,1,\N,\N,COD,6,4.10623486084211E+018,1.65327998083317E+018,CE,GamingHardware,GamingAccessory,GamingMemoryCard,990,3
ACCCZQ8YWF4AH7GJ,1/17/2016 13:18:41,2016,1,1.49872E+15,1.49872E+15,279,1,\N,\N,COD,5,-7.62369847703393E+018,-4.38381186511431E+018,CE,GamingHardware,GamingAccessory,GamingMemoryCard,990,3
ACCCZQ8YWF4AH7GJ,1/22/2016 13:53:12,2016,1,3.50306E+15,3.50306E+15,279,1,\N,\N,COD,8,2.50403504029463E+018,6.60999660967843E+018,CE,GamingHardware,GamingAccessory,GamingMemoryCard,990,3
ACCCZQ8YWF4AH7GJ,1/6/2016 23:58:03,2016,1,3.4896E+15,3.4896E+15,289,1,\N,\N,COD,6,-7.57155584815633E+018,6.60879576416996E+018,CE,GamingHardware,GamingAccessory,GamingMemoryCard,990,3
ACCCZQEJDNY5HZFG,1/4/2016 21:08:40,2016,1,3.48777E+15,3.48777E+15,896,1,\N,\N,COD,5,1.51709313384213E+018,-5.40386798235408E+018,CE,CameraAccessory,CameraAccessory,CameraBatteryCharger,1200,4
ACCCZQEJHYDYMAZK,1/30/2016 22:38:39,2016,1,1.51029E+15,1.51029E+15,3940,2,\N,\N,COD,9,2.94818125983932E+018,7.19003958315739E+018,CE,CameraAccessory,CameraAccessory,CameraBattery,2500,5
ACCCZQEJHYDYMAZK,1/20/2016 22:49:45,2016,1,1.50165E+15,1.50165E+15,1950,1,\N,\N,Prepaid,10,5.16130204718734E+018,6.29142804238557E+017,CE,CameraAccessory,CameraAccessory,CameraBattery,2500,5
ACCCZQEJHYDYMAZK,1/25/2016 19:52:37,2016,1,2.50586E+15,2.50586E+15,2350,1,\N,\N,COD,6,8.15838699183367E+018,1.15136841865603E+018,CE,CameraAccessory,CameraAccessory,CameraBattery,2500,5
ACCCZQEJQQEPKSWE,1/29/2016 16:29:07,2016,1,1.5092E+15,1.5092E+15,1420,1,\N,\N,COD,8,-7.63355637215835E+018,-1.0489174098957E+018,CE,CameraAccessory,CameraAccessory,CameraBatteryCharger,3150,2
ACCCZQEJQQEPKSWE,1/11/2016 17:22:38,2016,1,2.49368E+15,2.49368E+15,1420,1,\N,\N,COD,11,-8.68735154807193E+018,5.67625937389196E+018,CE,CameraAccessory,CameraAccessory,CameraBatteryCharger,3150,2
ACCCZQEJQQEPKSWE,1/6/2016 17:22:40,2016,1,3.48936E+15,3.48936E+15,1420,1,\N,\N,Prepaid,7,6.48957546235836E+018,2.95973173256986E+018,CE,CameraAccessory,CameraAccessory,CameraBatteryCharger,3150,2
ACCCZQEJQQEPKSWE,1/18/2016 18:48:03,2016,1,2.49978E+15,2.49978E+15,1420,1,\N,\N,Prepaid,6,-2.23161404484592E+018,9.03374159226931E+018,CE,CameraAccessory,CameraAccessory,CameraBatteryCharger,3150,2
ACCCZQEJXJCS7NCN,1/23/2016 19:24:39,2016,1,4.50412E+15,4.50412E+15,1390,1,\N,\N,COD,9,6.45953782594712E+018,-7.24064709734535E+018,CE,CameraAccessory,CameraAccessory,CameraBatteryCharger,2499,3
ACCCZQEJZN4ZVGUW,1/5/2016 12:34:06,2016,1,4.48832E+15,4.48832E+15,1625,1,\N,\N,Prepaid,3,-4.83977057543877E+018,-6.18830472015878E+018,CE,CameraAccessory,CameraAccessory,CameraBatteryCharger,2810,4
ACCCZQEJZN4ZVGUW,1/29/2016 11:38:43,2016,1,4.50902E+15,4.50902E+15,1522,1,\N,\N,Prepaid,8,-8.13108992987534E+018,-2.24545637824427E+018,CE,CameraAccessory,CameraAccessory,CameraBatteryCharger,2810,4
ACCCZZC92FPRHYNR,1/19/2016 19:22:31,2016,1,3.50067E+15,3.50067E+15,7300,1,\N,\N,COD,15,-1.9878891959779E+018,-5.3919310537919E+018,CE,EntertainmentSmall,Speaker,LaptopSpeaker,17000,1
ACCCZZC93FANSHUV,1/31/2016 19:07:39,2016,1,4.51103E+15,4.51103E+15,1990,1,\N,\N,COD,0,-4.57154266390376E+018,-7.52905771484693E+018,CE,EntertainmentSmall,Speaker,LaptopSpeaker,1999,4
ACCCZZC93FANSHUV,1/4/2016 15:35:32,2016,1,1.48757E+15,1.48757E+15,1800,1,\N,\N,COD,5,7.55229801425802E+017,-7.62218832978573E+018,CE,EntertainmentSmall,Speaker,LaptopSpeaker,1999,4
ACCCZZC93FANSHUV,1/10/2016 17:55:59,2016,1,3.49284E+15,3.49284E+15,1795,1,\N,\N,COD,5,7.08412370475853E+018,4.31888577512543E+018,CE,EntertainmentSmall,Speaker,LaptopSpeaker,1999,4
ACCCZZC93FANSHUV,1/6/2016 20:09:44,2016,1,2.48946E+15,2.48946E+15,1795,1,\N,\N,Prepaid,4,6.45017293247972E+018,4.41372442950924E+018,CE,EntertainmentSmall,Speaker,LaptopSpeaker,1999,4
ACCCZZC93FANSHUV,1/9/2016 0:39:08,2016,1,4.49135E+15,4.49135E+15,1799,1,\N,\N,COD,5,5.85468711051187E+018,4.57106552262724E+018,CE,EntertainmentSmall,Speaker,LaptopSpeaker,1999,4
ACCCZZC93FANSHUV,1/21/2016 15:35:11,2016,1,2.50226E+15,2.50226E+15,1795,1,\N,\N,COD,8,7.40105092527052E+018,-5.75105136833414E+018,CE,EntertainmentSmall,Speaker,LaptopSpeaker,1999,4
ACCCZZC93FANSHUV,1/17/2016 22:40:28,2016,1,3.49906E+15,3.49906E+15,1795,1,\N,\N,COD,5,7.98714560821163E+018,1.36000071441352E+018,CE,EntertainmentSmall,Speaker,LaptopSpeaker,1999,4
ACCCZZC93FANSHUV,1/26/2016 16:13:41,2016,1,2.5066E+15,2.5066E+15,1784,1,\N,\N,COD,11,-5.24165010721622E+018,-2.01434401482669E+017,CE,EntertainmentSmall,Speaker,LaptopSpeaker,1999,4
ACCCZZC93FANSHUV,1/6/2016 19:38:38,2016,1,2.48944E+15,2.48944E+15,1799,1,\N,\N,Prepaid,3,-1.62712871941749E+018,7.90853213278831E+018,CE,EntertainmentSmall,Speaker,LaptopSpeaker,1999,4
ACCCZZC93FANSHUV,1/24/2016 15:38:37,2016,1,4.50484E+15,4.50484E+15,1795,1,\N,\N,Prepaid,4,-5.64020856194827E+018,6.76064540379178E+018,CE,EntertainmentSmall,Speaker,LaptopSpeaker,1999,4
ACCCZZC93FANSHUV,1/17/2016 19:53:12,2016,1,1.49895E+15,1.49895E+15,1795,1,\N,\N,COD,6,8.06602666721272E+018,8.95089408497307E+018,CE,EntertainmentSmall,Speaker,LaptopSpeaker,1999,4
ACCCZZC9FYZUQZTE,1/23/2016 15:21:10,2016,1,2.50398E+15,2.50398E+15,2827,1,\N,\N,COD,6,-7.57405125646742E+018,6.71109772074874E+018,CE,EntertainmentSmall,HomeAudio,HomeAudioSpeaker,4175,1
ACCCZZC9MF2XR4JE,1/27/2016 22:00:48,2016,1,4.50767E+15,4.50767E+15,669,1,\N,\N,Prepaid,3,1.04118193048953E+018,2.64420813449445E+018,CE,EntertainmentSmall,Speaker,LaptopSpeaker,1000,2
ACCCZZC9MF2XR4JE,1/23/2016 1:20:28,2016,1,2.50347E+15,2.50347E+15,684,1,\N,\N,COD,2,-3.18120706135919E+018,-2.91679610060381E+018,CE,EntertainmentSmall,Speaker,LaptopSpeaker,1000,2
ACCCZZC9MF2XR4JE,1/4/2016 18:15:05,2016,1,2.48766E+15,2.48766E+15,620,1,\N,\N,COD,5,4.69284537356846E+018,-6.6543227955658E+018,CE,EntertainmentSmall,Speaker,LaptopSpeaker,1000,2
ACCCZZC9MF2XR4JE,1/9/2016 12:47:40,2016,1,1.49179E+15,1.49179E+15,666,1,\N,\N,COD,4,8.81790229203672E+018,-5.57378883809795E+018,CE,EntertainmentSmall,Speaker,LaptopSpeaker,1000,2
ACCCZZC9MF2XR4JE,1/19/2016 11:00:28,2016,1,4.50036E+15,4.50036E+15,666,1,\N,\N,Prepaid,3,9.13567026190899E+018,3.51047063938578E+018,CE,EntertainmentSmall,Speaker,LaptopSpeaker,1000,2
ACCCZZC9MF2XR4JE,1/3/2016 18:57:39,2016,1,2.48683E+15,2.48683E+15,666,1,\N,\N,COD,5,5.24459511155049E+016,-6.3053195341636E+017,CE,EntertainmentSmall,Speaker,LaptopSpeaker,1000,2
ACCCZZC9MF2XR4JE,1/7/2016 20:39:39,2016,1,3.49034E+15,3.49034E+15,666,1,\N,\N,COD,5,-3.93916814513441E+018,-5.77737164808843E+017,CE,EntertainmentSmall,Speaker,LaptopSpeaker,1000,2
ACCCZZC9MF2XR4JE,1/28/2016 21:56:09,2016,1,4.50853E+15,4.50853E+15,666,1,\N,\N,COD,7,-8.99228642865957E+018,-1.87397456897664E+018,CE,EntertainmentSmall,Speaker,LaptopSpeaker,1000,2
ACCCZZC9MF2XR4JE,1/30/2016 13:05:13,2016,1,1.50995E+15,1.50995E+15,669,1,\N,\N,COD,4,-5.96598928326937E+018,-8.84482077601427E+018,CE,EntertainmentSmall,Speaker,LaptopSpeaker,1000,2
ACCCZZC9MF2XR4JE,1/31/2016 20:43:41,2016,1,1.51108E+15,1.51108E+15,685,1,\N,\N,Prepaid,1,7.19212709231762E+018,6.71109772074874E+018,CE,EntertainmentSmall,Speaker,LaptopSpeaker,1000,2
ACCCZZC9MF2XR4JE,1/6/2016 23:24:07,2016,1,3.48958E+15,3.48958E+15,666,1,\N,\N,COD,3,7.11029698425663E+018,1.81431695493176E+018,CE,EntertainmentSmall,Speaker,LaptopSpeaker,1000,2
ACCCZZC9QGSZACYR,1/4/2016 19:27:13,2016,1,1.4877E+15,1.4877E+15,2508,1,\N,\N,COD,3,4.80970312858729E+018,2.14368050978236E+018,CE,EntertainmentSmall,Speaker,LaptopSpeaker,3573,2
ACCCZZC9QGSZACYR,1/8/2016 12:04:07,2016,1,4.4909E+15,4.4909E+15,2508,1,\N,\N,COD,1,-3.95069404557426E+018,-3.92977794290562E+018,CE,EntertainmentSmall,Speaker,LaptopSpeaker,3573,2
ACCCZZC9YWSGQH2P,1/9/2016 2:11:35,2016,1,2.49141E+15,2.49141E+15,2137,1,\N,\N,COD,8,4.62669539198188E+018,-7.21400498051894E+018,CE,EntertainmentSmall,Speaker,LaptopSpeaker,2040,2
ACCCZZC9YWSGQH2P,1/4/2016 1:44:24,2016,1,4.48707E+15,4.48707E+15,2137,1,\N,\N,COD,3,-6.04398052604623E+018,6.57979553944034E+018,CE,EntertainmentSmall,Speaker,LaptopSpeaker,2040,2
ACCCZZC9YWSGQH2P,1/10/2016 11:29:05,2016,1,2.49261E+15,2.49261E+15,2137,1,\N,\N,COD,6,-6.69743721006842E+018,-6.69807100962118E+018,CE,EntertainmentSmall,Speaker,LaptopSpeaker,2040,2
ACCCZZC9YWSGQH2P,1/2/2016 19:23:32,2016,1,3.48598E+15,3.48598E+15,2137,1,\N,\N,COD,7,6.69942937527351E+018,-5.47578062709039E+018,CE,EntertainmentSmall,Speaker,LaptopSpeaker,2040,2
ACCCZZC9YWSGQH2P,1/29/2016 19:21:42,2016,1,3.50931E+15,3.50931E+15,2130,1,\N,\N,COD,3,8.79692168971299E+017,5.69770202366656E+018,CE,EntertainmentSmall,Speaker,LaptopSpeaker,2040,2
ACCCZZC9YWSGQH2P,1/3/2016 12:09:37,2016,1,3.48658E+15,3.48658E+15,2137,1,\N,\N,COD,10,-8.25558907427725E+018,2.13685978105334E+017,CE,EntertainmentSmall,Speaker,LaptopSpeaker,2040,2
ACCCZZC9ZNXPV9JH,1/31/2016 20:00:54,2016,1,1.51106E+15,1.51106E+15,6190,1,\N,\N,COD,1,-2.74153341828885E+018,-8.74799374596412E+018,CE,EntertainmentSmall,HomeAudio,HomeAudioSpeaker,9999,2
ACCD2ETFZDGPJJT4,1/13/2016 8:50:32,2016,1,3.49509E+15,3.49509E+15,399,1,\N,\N,Prepaid,8,7.92038021230462E+018,5.25533856044629E+018,CE,GamingHardware,GamingAccessory,GamingMemoryCard,499,0
ACCD2H57TFFW7P2V,1/3/2016 15:28:04,2016,1,1.4867E+15,1.4867E+15,590,1,\N,\N,Prepaid,7,3.43268480523539E+018,-7.94007440263372E+018,CE,CameraAccessory,CameraAccessory,CameraRemoteControl,850,2
ACCD2H57TFFW7P2V,1/25/2016 10:44:24,2016,1,2.50554E+15,2.50554E+15,600,1,\N,\N,COD,6,5.43701207318762E+018,7.40935065368634E+018,CE,CameraAccessory,CameraAccessory,CameraRemoteControl,850,2
ACCD2H57TFFW7P2V,1/6/2016 23:27:09,2016,1,1.48958E+15,1.48958E+15,590,1,\N,\N,COD,13,7.3843379409797E+018,8.79850331994794E+018,CE,CameraAccessory,CameraAccessory,CameraRemoteControl,850,2
ACCD2H57TFFW7P2V,1/4/2016 2:43:47,2016,1,4.4871E+15,4.4871E+15,650,1,\N,\N,COD,6,-1.60870954890957E+018,9.17989544641328E+018,CE,CameraAccessory,CameraAccessory,CameraRemoteControl,850,2
ACCD2H57TFFW7P2V,1/25/2016 22:49:09,2016,1,1.50598E+15,1.50598E+15,779,1,\N,\N,Prepaid,7,-8.92897281853498E+018,6.51333054134398E+018,CE,CameraAccessory,CameraAccessory,CameraRemoteControl,850,2
ACCD2H57TFFW7P2V,1/23/2016 21:08:42,2016,1,3.50418E+15,3.50418E+15,775,1,\N,\N,COD,9,3.99492591959066E+017,6.97738505366025E+017,CE,CameraAccessory,CameraAccessory,CameraRemoteControl,850,2
ACCD2H57TFFW7P2V,1/8/2016 12:08:40,2016,1,1.4909E+15,1.4909E+15,590,1,\N,\N,Prepaid,5,8.77475502313005E+018,6.97738505366025E+017,CE,CameraAccessory,CameraAccessory,CameraRemoteControl,850,2
ACCD2H57TFFW7P2V,1/1/2016 12:31:34,2016,1,3.48487E+15,3.48487E+15,650,1,\N,\N,Prepaid,7,4.09884561542604E+018,-5.92236318527949E+018,CE,CameraAccessory,CameraAccessory,CameraRemoteControl,850,2
ACCD2H9UAWGEXXHG,1/22/2016 7:55:28,2016,1,3.50284E+15,3.50284E+15,1280,1,\N,\N,Prepaid,7,1.71587546315055E+017,-1.93194671368437E+018,CE,CameraAccessory,CameraAccessory,Filter,1600,-1
ACCD2H9UBJTH9GPZ,1/2/2016 10:37:04,2016,1,4.48566E+15,4.48566E+15,949,1,\N,\N,Prepaid,2,-4.91046299935455E+018,-3.51221449655732E+018,CE,CameraAccessory,CameraAccessory,Filter,1350,4
ACCD2H9UBJTH9GPZ,1/23/2016 18:50:08,2016,1,3.50139E+15,3.50139E+15,919,1,\N,\N,COD,5,7.64580635118006E+018,-3.13771831471614E+018,CE,CameraAccessory,CameraAccessory,Filter,1350,4
ACCD2H9UVXFWFMX9,1/31/2016 19:10:39,2016,1,1.51103E+15,1.51103E+15,1285,1,\N,\N,Prepaid,8,4.75548543610406E+018,3.39135854722017E+018,CE,CameraAccessory,CameraAccessory,Filter,1950,3
ACCD2H9UVXFWFMX9,1/14/2016 19:16:06,2016,1,2.49633E+15,2.49633E+15,1285,1,\N,\N,COD,5,-2.4173978383396E+018,5.44281254150373E+017,CE,CameraAccessory,CameraAccessory,Filter,1950,3
ACCD2H9UZCDVTSJY,1/26/2016 12:10:15,2016,1,1.50646E+15,1.50646E+15,772,1,\N,\N,COD,8,-3.18878926439747E+018,6.28468070145385E+018,CE,CameraAccessory,CameraAccessory,Filter,1350,3
ACCD2H9UZCDVTSJY,1/21/2016 21:57:44,2016,1,4.50249E+15,4.50249E+15,772,1,\N,\N,COD,10,6.84362633380305E+018,-7.94011737211454E+018,CE,CameraAccessory,CameraAccessory,Filter,1350,3
ACCD2H9UZCDVTSJY,1/4/2016 12:21:32,2016,1,3.48745E+15,3.48745E+15,899,1,\N,\N,Prepaid,3,-2.80830672220897E+018,3.01159731249E+018,CE,CameraAccessory,CameraAccessory,Filter,1350,3
ACCD2H9UZGEN8BHG,1/17/2016 17:28:02,2016,1,4.49887E+15,4.49887E+15,1949,1,\N,\N,COD,5,-1.67192554472088E+018,4.71102472342387E+018,CE,CameraAccessory,CameraAccessory,Filter,2600,-1
ACCD36G6GNRXYHM2,1/7/2016 16:43:10,2016,1,3.4902E+15,3.4902E+15,5086,1,\N,\N,COD,1,1.13130905504916E+018,6.4334481244111E+018,CE,CameraAccessory,CameraAccessory,CameraBag,7950,5
ACCD36G6GNRXYHM2,1/20/2016 14:01:13,2016,1,2.50134E+15,2.50134E+15,5087,1,\N,\N,COD,4,8.81040902702661E+018,4.36662083750524E+018,CE,CameraAccessory,CameraAccessory,CameraBag,7950,5
ACCD36GSBVDHMR8U,1/26/2016 8:58:56,2016,1,4.50634E+15,4.50634E+15,45357,1,\N,\N,COD,3,7.68179398029026E+018,4.2459628022822E+018,CE,CameraAccessory,CameraAccessory,Lens,64995,1
ACCD377YVJQM2ZGX,1/27/2016 15:56:34,2016,1,4.50745E+15,4.50745E+15,949,1,\N,\N,COD,3,7.76872023478467E+018,5.34735360997242E+017,CE,EntertainmentSmall,Speaker,LaptopSpeaker,1599,2
ACCD377YVJQM2ZGX,1/23/2016 22:37:12,2016,1,3.50424E+15,3.50424E+15,950,1,\N,\N,COD,4,4.77060393004264E+018,-1.4410380268287E+018,CE,EntertainmentSmall,Speaker,LaptopSpeaker,1599,2
ACCD377YVJQM2ZGX,1/5/2016 13:27:35,2016,1,4.48836E+15,4.48836E+15,950,1,\N,\N,COD,1,-6.09559043634746E+018,2.53029483372512E+018,CE,EntertainmentSmall,Speaker,LaptopSpeaker,1599,2
ACCD377YVJQM2ZGX,1/22/2016 14:50:41,2016,1,3.5031E+15,3.5031E+15,950,1,\N,\N,COD,4,6.75895045260347E+018,-2.01434401482669E+017,CE,EntertainmentSmall,Speaker,LaptopSpeaker,1599,2
ACCD377YVJQM2ZGX,1/15/2016 15:46:32,2016,1,3.49708E+15,3.49708E+15,929,1,\N,\N,Prepaid,4,-5.930436557145E+016,6.28468070145385E+018,CE,EntertainmentSmall,Speaker,LaptopSpeaker,1599,2
ACCD377YVJQM2ZGX,1/12/2016 16:48:04,2016,1,1.49453E+15,1.49453E+15,950,1,\N,\N,Prepaid,4,-8.84840286976992E+018,6.92947984210176E+018,CE,EntertainmentSmall,Speaker,LaptopSpeaker,1599,2
ACCD377YVJQM2ZGX,1/31/2016 21:01:46,2016,1,2.51109E+15,2.51109E+15,950,1,\N,\N,Prepaid,1,5.6577101790083E+018,-9.03104320709149E+018,CE,EntertainmentSmall,Speaker,LaptopSpeaker,1599,2
ACCD38YG3UDFDG6D,1/10/2016 19:12:38,2016,1,1.49288E+15,1.49288E+15,2500,1,\N,\N,COD,11,-8.90023268633507E+018,-2.18068211071958E+018,CE,CameraAccessory,CameraAccessory,CameraTripod,2750,-1
ACCD38YG3UDFDG6D,1/19/2016 10:27:57,2016,1,3.50034E+15,3.50034E+15,1099,1,\N,\N,Prepaid,1,1.95113662094559E+018,2.65356555938325E+018,CE,CameraAccessory,CameraAccessory,CameraTripod,2750,-1
ACCD38YG3UDFDG6D,1/5/2016 10:27:35,2016,1,3.48825E+15,3.48825E+15,990,1,\N,\N,Prepaid,10,7.22372670755075E+018,5.15808022299277E+018,CE,CameraAccessory,CameraAccessory,CameraTripod,2750,-1
ACCD38YG3UDFDG6D,1/31/2016 23:35:17,2016,1,1.51119E+15,1.51119E+15,1290,1,\N,\N,Prepaid,4,8.82761167700485E+018,-8.13320379369054E+017,CE,CameraAccessory,CameraAccessory,CameraTripod,2750,-1
ACCD38YG3UDFDG6D,1/1/2016 15:48:29,2016,1,4.48499E+15,4.48499E+15,985,1,\N,\N,COD,3,6.67239715033126E+017,6.36438239313929E+018,CE,CameraAccessory,CameraAccessory,CameraTripod,2750,-1
ACCD38YG3UDFDG6D,1/3/2016 22:56:41,2016,1,4.48697E+15,4.48697E+15,995,1,\N,\N,COD,4,2.63740056206087E+018,-2.24545637824427E+018,CE,CameraAccessory,CameraAccessory,CameraTripod,2750,-1
ACCD38YG3UDFDG6D,1/1/2016 13:12:30,2016,1,3.48489E+15,3.48489E+15,995,1,\N,\N,Prepaid,3,-4.80454536612053E+018,-3.1171081865477E+018,CE,CameraAccessory,CameraAccessory,CameraTripod,2750,-1
ACCD38YG3UDFDG6D,1/12/2016 6:43:30,2016,1,2.49415E+15,2.49415E+15,1140,1,\N,\N,Prepaid,5,-5.94691183483006E+018,1.06408132417545E+018,CE,CameraAccessory,CameraAccessory,CameraTripod,2750,-1
ACCD38YG3UDFDG6D,1/22/2016 19:29:46,2016,1,2.50326E+15,2.50326E+15,1290,1,\N,\N,COD,5,3.21484200347466E+018,-3.26063861397459E+018,CE,CameraAccessory,CameraAccessory,CameraTripod,2750,-1
ACCD38YG3UDFDG6D,1/29/2016 10:23:00,2016,1,1.50898E+15,1.50898E+15,1290,1,\N,\N,COD,5,1.0478000873639E+018,4.50638759752446E+018,CE,CameraAccessory,CameraAccessory,CameraTripod,2750,-1
ACCD38YG3UDFDG6D,1/12/2016 23:22:36,2016,1,4.49476E+15,4.49476E+15,989,1,\N,\N,COD,3,-7.27559679332566E+018,7.40935065368634E+018,CE,CameraAccessory,CameraAccessory,CameraTripod,2750,-1
ACCD38YG3UDFDG6D,1/11/2016 13:06:09,2016,1,2.49353E+15,2.49353E+15,990,1,\N,\N,COD,6,-1.30075559432352E+018,-9.08358031829514E+018,CE,CameraAccessory,CameraAccessory,CameraTripod,2750,-1
ACCD38YG3UDFDG6D,1/1/2016 16:45:06,2016,1,3.48502E+15,3.48502E+15,985,1,\N,\N,COD,3,6.63419871413888E+018,-6.18830472015878E+018,CE,CameraAccessory,CameraAccessory,CameraTripod,2750,-1
ACCD38YG3UDFDG6D,1/2/2016 23:57:54,2016,1,3.48615E+15,3.48615E+15,985,1,\N,\N,COD,7,-4.31359679286131E+015,2.8637982036644E+018,CE,CameraAccessory,CameraAccessory,CameraTripod,2750,-1
ACCD38YG3UDFDG6D,1/8/2016 19:40:07,2016,1,3.49117E+15,3.49117E+15,940,1,\N,\N,COD,6,8.90669171576064E+018,-7.84119424977325E+017,CE,CameraAccessory,CameraAccessory,CameraTripod,2750,-1
ACCD38YG3UDFDG6D,1/28/2016 0:43:12,2016,1,2.50777E+15,2.50777E+15,1099,1,\N,\N,COD,1,7.4571725598609E+018,9.79109518915939E+017,CE,CameraAccessory,CameraAccessory,CameraTripod,2750,-1
ACCD38YG3UDFDG6D,1/11/2016 15:20:38,2016,1,4.49361E+15,4.49361E+15,999,1,\N,\N,COD,3,-7.93640952532749E+018,-5.41281080561229E+018,CE,CameraAccessory,CameraAccessory,CameraTripod,2750,-1
ACCD38YG3UDFDG6D,1/15/2016 18:55:36,2016,1,3.49719E+15,3.49719E+15,1099,1,\N,\N,Prepaid,4,8.68272930004203E+017,-3.75356773159118E+018,CE,CameraAccessory,CameraAccessory,CameraTripod,2750,-1
ACCD38YG3UDFDG6D,1/17/2016 14:28:02,2016,1,3.49876E+15,3.49876E+15,2500,1,\N,\N,COD,6,-3.8609202797281E+018,-4.35823435036496E+018,CE,CameraAccessory,CameraAccessory,CameraTripod,2750,-1
ACCD38YG3UDFDG6D,1/24/2016 13:19:37,2016,1,3.50477E+15,3.50477E+15,1290,1,\N,\N,COD,5,6.51809785640778E+018,-5.79215227581186E+018,CE,CameraAccessory,CameraAccessory,CameraTripod,2750,-1
ACCD38YG3UDFDG6D,1/20/2016 18:41:20,2016,1,4.50151E+15,4.50151E+15,1049,1,\N,\N,Prepaid,3,-8.57562592018755E+018,-6.06855305191498E+018,CE,CameraAccessory,CameraAccessory,CameraTripod,2750,-1
ACCD38YG3UDFDG6D,1/18/2016 18:31:29,2016,1,4.49977E+15,4.49977E+15,999,1,\N,\N,COD,3,3.46501753654539E+018,-6.8416791639336E+017,CE,CameraAccessory,CameraAccessory,CameraTripod,2750,-1
ACCD3GT8GQY7WZ6R,1/9/2016 12:23:10,2016,1,4.49177E+15,4.49177E+15,1180,1,\N,\N,COD,7,2.62426983314048E+018,5.00871644582158E+017,CE,CameraAccessory,CameraAccessory,CameraRemoteControl,1310,5
ACCD3GT8GQY7WZ6R,1/27/2016 16:08:02,2016,1,1.50746E+15,1.50746E+15,1220,1,\N,\N,COD,6,2.81375484661693E+018,5.8510313294317E+017,CE,CameraAccessory,CameraAccessory,CameraRemoteControl,1310,5
ACCD3ZPGAREESXZX,1/9/2016 7:52:36,2016,1,2.49161E+15,2.49161E+15,1100,1,\N,\N,COD,5,-5.27371732794902E+017,-8.79738067208749E+018,CE,EntertainmentSmall,Speaker,LaptopSpeaker,1393,1
ACCD3ZPGMG5GVSVN,1/9/2016 14:50:07,2016,1,1.49186E+15,1.49186E+15,2099,1,\N,\N,COD,8,-4.6954940583187E+018,-4.66928349294374E+018,CE,EntertainmentSmall,Speaker,LaptopSpeaker,3500,5
ACCD47GVJ7H275ZB,1/22/2016 11:42:40,2016,1,2.50298E+15,2.50298E+15,5439,1,\N,\N,COD,2,5.24233044612002E+018,-4.76917064425218E+018,CE,GamingHardware,GamingAccessory,GamingMouse,8399,5
ACCD4AVP8Z92SHZP,1/17/2016 19:55:08,2016,1,3.49896E+15,3.49896E+15,645,1,\N,\N,Prepaid,11,-3.88346265686524E+018,-2.20038684367203E+018,CE,EntertainmentSmall,Speaker,LaptopSpeaker,4799,2
ACCD4AVP8Z92SHZP,1/1/2016 17:22:55,2016,1,3.48504E+15,3.48504E+15,767,1,\N,\N,COD,4,-7.62960838735959E+018,-3.85590842461905E+018,CE,EntertainmentSmall,Speaker,LaptopSpeaker,4799,2
ACCD4AVP8Z92SHZP,1/10/2016 21:26:39,2016,1,4.49297E+15,4.49297E+15,767,1,\N,\N,COD,8,-2.87202294259601E+018,5.39009829655308E+018,CE,EntertainmentSmall,Speaker,LaptopSpeaker,4799,2
ACCD4AVP8Z92SHZP,1/22/2016 11:51:45,2016,1,2.50299E+15,2.50299E+15,740,1,\N,\N,Prepaid,13,-3.25635482253437E+018,-7.52905771484693E+018,CE,EntertainmentSmall,Speaker,LaptopSpeaker,4799,2
ACCD4AVP8Z92SHZP,1/9/2016 11:53:05,2016,1,2.49173E+15,2.49173E+15,645,1,\N,\N,Prepaid,11,-6.05392377202598E+018,8.67738613468915E+018,CE,EntertainmentSmall,Speaker,LaptopSpeaker,4799,2
ACCD4AVP8Z92SHZP,1/18/2016 20:55:10,2016,1,4.49986E+15,4.49986E+15,645,1,\N,\N,COD,11,1.45764815060021E+018,8.40427469360984E+018,CE,EntertainmentSmall,Speaker,LaptopSpeaker,4799,2
ACCD4AVP8Z92SHZP,1/21/2016 22:54:48,2016,1,2.50252E+15,2.50252E+15,740,1,\N,\N,COD,14,8.60814985303382E+018,4.48594123744178E+018,CE,EntertainmentSmall,Speaker,LaptopSpeaker,4799,2
ACCD4AVP8Z92SHZP,1/25/2016 12:05:57,2016,1,3.50559E+15,3.50559E+15,790,1,\N,\N,COD,10,8.81228751914293E+018,-8.45357381110497E+018,CE,EntertainmentSmall,Speaker,LaptopSpeaker,4799,2
ACCD4AVP8Z92SHZP,1/5/2016 21:34:09,2016,1,3.48864E+15,3.48864E+15,645,1,\N,\N,COD,13,6.58290345973849E+018,-7.8123677495552E+018,CE,EntertainmentSmall,Speaker,LaptopSpeaker,4799,2
ACCD4AVP8Z92SHZP,1/21/2016 16:41:14,2016,1,4.5023E+15,4.5023E+15,740,1,\N,\N,COD,14,1.52267306815548E+018,-5.11123000433028E+017,CE,EntertainmentSmall,Speaker,LaptopSpeaker,4799,2
ACCD4AVP8Z92SHZP,1/19/2016 0:41:44,2016,1,2.49999E+15,2.49999E+15,645,1,\N,\N,Prepaid,10,-5.89321726581078E+018,-5.36115308517395E+018,CE,EntertainmentSmall,Speaker,LaptopSpeaker,4799,2
ACCD4JH2EJT443CA,1/5/2016 17:32:02,2016,1,4.4885E+15,4.4885E+15,4329,1,\N,\N,COD,0,1.60719639595078E+018,-2.11213201733943E+018,CE,GamingHardware,GamingAccessory,GamingHeadset,7799,3
ACCD4JUZQHQUD4ES,1/2/2016 1:13:33,2016,1,4.48532E+15,4.48532E+15,3249,1,\N,\N,COD,5,7.57742578469723E+018,-7.76124491013442E+018,CE,EntertainmentSmall,Speaker,LaptopSpeaker,4299,-1
ACCD4SBC4W2AHVSR,1/20/2016 22:04:46,2016,1,1.50163E+15,1.50163E+15,2045,1,\N,\N,Prepaid,7,-7.33541680387207E+018,-5.09694409821032E+017,CE,CameraAccessory,CameraAccessory,CameraBattery,2499,1
ACCD4SBC9NPHXDJN,1/3/2016 14:21:38,2016,1,3.48666E+15,3.48666E+15,745,1,\N,\N,Prepaid,3,4.58594600799873E+017,4.57385368661882E+018,CE,CameraAccessory,CameraAccessory,CameraBattery,1690,3
ACCD4SBCGUMYHFVM,1/11/2016 12:03:59,2016,1,2.49349E+15,2.49349E+15,1800,1,\N,\N,Prepaid,5,4.52798283908417E+018,-6.3053195341636E+017,CE,CameraAccessory,CameraAccessory,CameraBattery,1990,1
ACCD4WYVYXRJHRUA,1/5/2016 20:47:43,2016,1,3.48862E+15,3.48862E+15,585,1,\N,\N,Prepaid,11,4.02415787740616E+018,-5.58220057671652E+018,CE,EntertainmentSmall,Speaker,LaptopSpeaker,599,2
ACCD55KMGNBWNYCW,1/19/2016 0:22:40,2016,1,1.49998E+15,1.49998E+15,1250,1,\N,\N,COD,5,-9.58376871471126E+017,-2.32897981925239E+018,CE,EntertainmentSmall,Speaker,MobileSpeaker,1699,2
ACCD55KMGNBWNYCW,1/4/2016 22:00:43,2016,1,2.4878E+15,2.4878E+15,1250,1,\N,\N,Prepaid,5,-3.47732205068329E+018,7.79533612356769E+018,CE,EntertainmentSmall,Speaker,MobileSpeaker,1699,2
ACCD5FNHX7FVGQAD,1/2/2016 0:12:12,2016,1,1.48529E+15,1.48529E+15,1690,1,\N,\N,COD,8,7.14735924068856E+018,5.20869391252454E+018,CE,EntertainmentSmall,Speaker,LaptopSpeaker,2200,2
ACCD5HTFAHWTZGXF,1/27/2016 15:16:11,2016,1,4.50743E+15,4.50743E+15,5978,1,\N,\N,Prepaid,1,8.85990180125874E+018,-8.49042397173048E+018,CE,CameraAccessory,CameraAccessory,Binoculars,16950,6
ACCD5HTFAHWTZGXF,1/27/2016 14:36:38,2016,1,3.50741E+15,3.50741E+15,5978,1,\N,\N,COD,11,6.11581571352894E+018,4.61372917599853E+018,CE,CameraAccessory,CameraAccessory,Binoculars,16950,6
ACCD5HTFJBMAYU5H,1/20/2016 15:12:24,2016,1,2.50138E+15,2.50138E+15,4299,1,\N,\N,COD,5,8.09733463329798E+018,-4.27270462726805E+018,CE,CameraAccessory,CameraAccessory,Binoculars,3990,2
ACCD5HTFJBMAYU5H,1/8/2016 6:58:14,2016,1,1.49069E+15,1.49069E+15,4194,1,\N,\N,Prepaid,1,-5.64348950738429E+018,6.13979384056224E+018,CE,CameraAccessory,CameraAccessory,Binoculars,3990,2
ACCD5QY5SK7JWNFZ,1/2/2016 18:53:31,2016,1,2.48596E+15,2.48596E+15,645,1,\N,\N,COD,5,-3.66238259797239E+018,2.38664062049922E+018,CE,EntertainmentSmall,Speaker,LaptopSpeaker,699,7
ACCD5QY5SK7JWNFZ,1/6/2016 8:13:04,2016,1,4.48903E+15,4.48903E+15,565,1,\N,\N,COD,4,2.47570155497498E+018,9.84470503822438E+017,CE,EntertainmentSmall,Speaker,LaptopSpeaker,699,7
ACCD5QY5SK7JWNFZ,1/4/2016 18:58:08,2016,1,1.48769E+15,1.48769E+15,615,1,\N,\N,COD,6,-5.49513020417184E+018,-6.62916507321324E+018,CE,EntertainmentSmall,Speaker,LaptopSpeaker,699,7
ACCD5QY5SK7JWNFZ,1/24/2016 17:17:36,2016,1,4.50491E+15,4.50491E+15,599,1,\N,\N,COD,5,-6.67966436744564E+017,8.22554475352831E+018,CE,EntertainmentSmall,Speaker,LaptopSpeaker,699,7
ACCD5QY5SK7JWNFZ,1/11/2016 13:10:09,2016,1,3.49353E+15,3.49353E+15,599,1,\N,\N,COD,4,-7.64447328084187E+018,-7.05663204140964E+017,CE,EntertainmentSmall,Speaker,LaptopSpeaker,699,7
ACCD5QY5SK7JWNFZ,1/12/2016 9:16:32,2016,1,2.49425E+15,2.49425E+15,599,1,\N,\N,COD,4,-7.64788775293233E+018,-7.16738776335047E+018,CE,EntertainmentSmall,Speaker,LaptopSpeaker,699,7
ACCD5QY5SK7JWNFZ,1/23/2016 10:07:29,2016,1,1.50379E+15,1.50379E+15,599,1,\N,\N,COD,8,6.48002668955663E+018,-6.07242179409285E+018,CE,EntertainmentSmall,Speaker,LaptopSpeaker,699,7
ACCD5QY5SK7JWNFZ,1/7/2016 10:54:36,2016,1,4.48999E+15,4.48999E+15,564,1,\N,\N,COD,4,8.28277628320531E+018,-7.97945601697597E+018,CE,EntertainmentSmall,Speaker,LaptopSpeaker,699,7
ACCD5QY5SK7JWNFZ,1/2/2016 9:44:55,2016,1,1.48563E+15,1.48563E+15,615,1,\N,\N,COD,6,-2.10973516159369E+018,-1.61098970729734E+018,CE,EntertainmentSmall,Speaker,LaptopSpeaker,699,7
ACCD5QY5SK7JWNFZ,1/6/2016 15:08:37,2016,1,3.48927E+15,3.48927E+15,564,1,\N,\N,COD,4,2.10723792515839E+018,-8.40290592869248E+018,CE,EntertainmentSmall,Speaker,LaptopSpeaker,699,7
ACCD5QY5SK7JWNFZ,1/20/2016 11:15:09,2016,1,4.50124E+15,4.50124E+15,599,1,\N,\N,Prepaid,5,2.24936608722338E+017,-1.71935312655006E+018,CE,EntertainmentSmall,Speaker,LaptopSpeaker,699,7
ACCD5QY5SK7JWNFZ,1/7/2016 18:11:41,2016,1,3.49026E+15,3.49026E+15,564,1,\N,\N,COD,4,8.08507253541917E+018,3.29778516578821E+018,CE,EntertainmentSmall,Speaker,LaptopSpeaker,699,7
ACCD5QY5SK7JWNFZ,1/29/2016 21:15:45,2016,1,4.50937E+15,4.50937E+15,599,1,\N,\N,Prepaid,1,1.93035944373107E+018,6.40491320207757E+018,CE,EntertainmentSmall,Speaker,LaptopSpeaker,699,7
ACCD5QY5SK7JWNFZ,1/19/2016 13:06:26,2016,1,4.50044E+15,4.50044E+15,599,1,\N,\N,COD,5,3.69078444916492E+018,-2.74430288699566E+018,CE,EntertainmentSmall,Speaker,LaptopSpeaker,699,7
ACCD62SAE38MPHHK,1/9/2016 19:11:01,2016,1,4.49201E+15,4.49201E+15,431,1,\N,\N,COD,6,1.11624236246587E+017,3.60232530661388E+018,CE,GamingHardware,GamingAccessory,GamingAccessoryKit,545,1
ACCD633DUQQZ92SW,1/8/2016 14:16:38,2016,1,3.49098E+15,3.49098E+15,750,1,\N,\N,COD,3,8.56441481342678E+018,9.17989544641328E+018,CE,GamingHardware,GamingAccessory,TVOutCableAccessory,750,-1
ACCD6AQS2ZBJMZBB,1/2/2016 18:15:37,2016,1,2.48594E+15,2.48594E+15,1490,1,\N,\N,COD,7,2.46516585301816E+018,-1.30506813476359E+018,CE,GamingHardware,GamingAccessory,GamingMouse,2395,0
ACCD6AQS2ZBJMZBB,1/5/2016 6:52:19,2016,1,2.48806E+15,2.48806E+15,1490,1,\N,\N,COD,3,4.97946861063472E+018,-1.38560732352534E+018,CE,GamingHardware,GamingAccessory,GamingMouse,2395,0
ACCD6AQS2ZBJMZBB,1/7/2016 12:39:11,2016,1,3.49006E+15,3.49006E+15,1490,1,\N,\N,Prepaid,7,-5.11794682287798E+018,-1.66520385900161E+018,CE,GamingHardware,GamingAccessory,GamingMouse,2395,0
ACCD6GABB6RGZZGA,1/3/2016 12:04:44,2016,1,4.48658E+15,4.48658E+15,599,1,\N,\N,COD,7,-4.3337935670071E+018,-3.53500947139262E+017,CE,CameraAccessory,CameraAccessory,CameraBag,645,1
ACCD6GABB6RGZZGA,1/12/2016 16:53:31,2016,1,4.49453E+15,4.49453E+15,599,1,\N,\N,Prepaid,6,-4.10400839022708E+018,5.01322660508978E+018,CE,CameraAccessory,CameraAccessory,CameraBag,645,1
ACCD6HEGEQH32HQM,1/6/2016 0:02:59,2016,1,1.48874E+15,1.48874E+15,450,1,\N,\N,Prepaid,6,4.14939942632654E+015,-3.93676091206467E+017,CE,GamingHardware,GamingAccessory,GamePad,410,0
ACCD6HEGVCDHXPNQ,1/30/2016 15:34:07,2016,1,1.51003E+15,1.51003E+15,399,1,\N,\N,Prepaid,4,1.04134795940381E+018,7.37905879141228E+018,CE,GamingHardware,GamingAccessory,GamePad,449,-1
ACCD6HEGVCDHXPNQ,1/17/2016 22:04:31,2016,1,4.49904E+15,4.49904E+15,397,1,\N,\N,COD,5,4.04150839209241E+018,-3.72218598893965E+018,CE,GamingHardware,GamingAccessory,GamePad,449,-1
ACCD6HEGVCDHXPNQ,1/17/2016 23:01:31,2016,1,2.49907E+15,2.49907E+15,427,1,\N,\N,COD,6,-7.83171375912878E+018,3.05434965540004E+018,CE,GamingHardware,GamingAccessory,GamePad,449,-1
ACCD6HEGVCDHXPNQ,1/31/2016 12:05:38,2016,1,2.51077E+15,2.51077E+15,399,1,\N,\N,COD,3,-2.18524245544168E+018,2.45237203690797E+018,CE,GamingHardware,GamingAccessory,GamePad,449,-1
ACCD6HFD2W4XE8JC,1/23/2016 0:44:27,2016,1,2.50345E+15,2.50345E+15,290,1,\N,\N,COD,10,4.45233082499768E+018,9.84470503822438E+017,CE,CameraAccessory,CameraAccessory,CameraBattery,350,5
ACCD6HFD2W4XE8JC,1/5/2016 19:48:40,2016,1,3.48858E+15,3.48858E+15,310,1,\N,\N,Prepaid,10,-2.74702463806091E+018,1.69027496541675E+018,CE,CameraAccessory,CameraAccessory,CameraBattery,350,5
ACCD6HFD2W4XE8JC,1/13/2016 9:14:51,2016,1,1.49512E+15,1.49512E+15,310,1,\N,\N,COD,7,1.53357690054789E+018,-3.16693556623757E+018,CE,CameraAccessory,CameraAccessory,CameraBattery,350,5
ACCD6HFDEPMBJN3D,1/22/2016 21:28:45,2016,1,3.50333E+15,3.50333E+15,180,1,\N,\N,Prepaid,11,7.89330601415389E+018,2.29138238772398E+018,CE,CameraAccessory,CameraAccessory,CameraBattery,150,5
ACCD6HFDEPMBJN3D,1/17/2016 20:48:39,2016,1,1.49899E+15,1.49899E+15,219,1,\N,\N,COD,11,9.00735884874081E+018,-3.55508320863683E+018,CE,CameraAccessory,CameraAccessory,CameraBattery,150,5
ACCD6HFDEPMBJN3D,1/7/2016 9:13:11,2016,1,2.48993E+15,2.48993E+15,200,1,\N,\N,COD,7,9.73674521369207E+017,-7.008123264312E+018,CE,CameraAccessory,CameraAccessory,CameraBattery,150,5
ACCD6HFDEPMBJN3D,1/16/2016 21:35:26,2016,1,1.49815E+15,1.49815E+15,220,1,\N,\N,Prepaid,13,1.09288428303932E+018,3.20393455068873E+018,CE,CameraAccessory,CameraAccessory,CameraBattery,150,5
ACCD6HFDEXT327CS,1/26/2016 17:14:09,2016,1,1.50664E+15,1.50664E+15,339,1,\N,\N,Prepaid,9,2.22071934600586E+018,-9.779010321304E+017,CE,CameraAccessory,CameraAccessory,CameraBattery,673,5
ACCD6HFDEXT327CS,1/5/2016 16:01:30,2016,1,3.48845E+15,3.48845E+15,415,1,\N,\N,COD,12,-8.82574145542691E+018,-8.74799374596412E+018,CE,CameraAccessory,CameraAccessory,CameraBattery,673,5
ACCD6HFDEXT327CS,1/11/2016 19:33:33,2016,1,3.49376E+15,3.49376E+15,770,2,\N,\N,Prepaid,10,8.51426142007577E+018,-4.28326072072604E+018,CE,CameraAccessory,CameraAccessory,CameraBattery,673,5
ACCD6HFDEXT327CS,1/24/2016 13:22:08,2016,1,3.50477E+15,3.50477E+15,369,1,\N,\N,COD,14,-7.00389148731615E+018,-1.33105721918333E+018,CE,CameraAccessory,CameraAccessory,CameraBattery,673,5
ACCD6HFDEXT327CS,1/5/2016 18:00:59,2016,1,1.48852E+15,1.48852E+15,325,1,\N,\N,Prepaid,5,3.86645931608541E+018,-4.14267976450982E+018,CE,CameraAccessory,CameraAccessory,CameraBattery,673,5
ACCD6HFDUPYFS8YQ,1/20/2016 12:44:21,2016,1,1.50129E+15,1.50129E+15,330,1,\N,\N,COD,6,7.45305216462306E+018,-3.32099298683624E+018,CE,CameraAccessory,CameraAccessory,CameraBattery,625,1
ACCD6KRGFFSWFYFN,1/5/2016 19:14:12,2016,1,2.48854E+15,2.48854E+15,400,1,\N,\N,COD,12,4.09185616025202E+018,-5.04287528131131E+018,CE,CameraAccessory,CameraAccessory,CameraBatteryCharger,625,5
ACCD6KRGFFSWFYFN,1/11/2016 7:27:43,2016,1,3.49331E+15,3.49331E+15,319,1,\N,\N,COD,7,3.55682635557794E+018,-5.95140519144698E+018,CE,CameraAccessory,CameraAccessory,CameraBatteryCharger,625,5
ACCD6KRGFFSWFYFN,1/26/2016 20:45:14,2016,1,3.50676E+15,3.50676E+15,360,1,\N,\N,COD,5,1.63466738546288E+018,-6.95142635777575E+018,CE,CameraAccessory,CameraAccessory,CameraBatteryCharger,625,5
ACCD6KRGFFSWFYFN,1/9/2016 23:57:34,2016,1,2.49219E+15,2.49219E+15,319,1,\N,\N,Prepaid,5,-5.6093944680971E+018,1.59581542850561E+017,CE,CameraAccessory,CameraAccessory,CameraBatteryCharger,625,5
ACCD6KRGFFSWFYFN,1/2/2016 12:41:38,2016,1,1.48574E+15,1.48574E+15,277,1,\N,\N,Prepaid,7,-5.92647092738011E+018,6.02277801189945E+018,CE,CameraAccessory,CameraAccessory,CameraBatteryCharger,625,5
ACCD6KRGFFSWFYFN,1/29/2016 16:41:42,2016,1,2.50921E+15,2.50921E+15,360,1,\N,\N,COD,3,6.0394238765709E+018,3.04613736011903E+017,CE,CameraAccessory,CameraAccessory,CameraBatteryCharger,625,5
ACCD6KRGFFSWFYFN,1/28/2016 2:32:09,2016,1,4.50784E+15,4.50784E+15,320,1,\N,\N,COD,3,1.23449191660895E+018,6.28063694568033E+018,CE,CameraAccessory,CameraAccessory,CameraBatteryCharger,625,5
ACCD6P3K3G5WRZG7,1/7/2016 17:50:13,2016,1,4.49024E+15,4.49024E+15,772,1,\N,\N,COD,13,3.04362584409734E+018,4.91193880991501E+018,CE,CameraAccessory,CameraAccessory,CameraBattery,1990,2
ACCD6P3K3G5WRZG7,1/1/2016 23:22:34,2016,1,2.48526E+15,2.48526E+15,772,1,\N,\N,COD,11,6.34537297583825E+018,3.09527794604417E+018,CE,CameraAccessory,CameraAccessory,CameraBattery,1990,2
ACCD6P3KFKZTFJXK,1/4/2016 19:26:05,2016,1,2.48771E+15,2.48771E+15,965,1,\N,\N,COD,4,6.40334053815836E+018,6.51333054134398E+018,CE,CameraAccessory,CameraAccessory,CameraBattery,1490,0
ACCD6P4RXWHHQNCU,1/8/2016 11:10:36,2016,1,1.49087E+15,1.49087E+15,1000,1,\N,\N,COD,5,-1.49766934055577E+018,3.797190559732E+018,CE,CameraAccessory,CameraAccessory,CameraBattery,2250,5
ACCD6P5Y5EYT7ANB,1/4/2016 12:31:30,2016,1,1.48746E+15,1.48746E+15,795,1,\N,\N,Prepaid,6,7.5646594174065E+018,5.72690737299278E+018,CE,CameraAccessory,CameraAccessory,Lens,795,-1
ACCD6SV4C9KEXFEP,1/3/2016 13:10:10,2016,1,3.48662E+15,3.48662E+15,1699,1,\N,\N,COD,6,6.14997838068598E+018,8.23637125396543E+018,CE,GamingHardware,GamingAccessory,GamingMemoryCard,2499,2
ACCD6UM2MUEZFH9G,1/14/2016 11:12:09,2016,1,3.49605E+15,3.49605E+15,314,1,\N,\N,COD,12,-4.4684950368185E+018,-1.8438425184444E+018,CE,CameraAccessory,CameraAccessory,CameraBattery,220,-1
ACCD6UM2MUEZFH9G,1/16/2016 7:40:56,2016,1,3.49765E+15,3.49765E+15,314,1,\N,\N,Prepaid,14,5.55921372286181E+018,1.56116165460662E+018,CE,CameraAccessory,CameraAccessory,CameraBattery,220,-1
ACCD6UM2MUEZFH9G,1/31/2016 14:04:40,2016,1,3.51084E+15,3.51084E+15,310,1,\N,\N,Prepaid,5,6.96655537335922E+016,-7.80564494292329E+018,CE,CameraAccessory,CameraAccessory,CameraBattery,220,-1
ACCD6Z9PUCPHFCGR,1/31/2016 15:59:46,2016,1,1.51091E+15,1.51091E+15,2845,1,\N,\N,Prepaid,2,4.99539275537013E+018,-8.18270573083416E+018,CE,EntertainmentSmall,Speaker,MobileSpeaker,3999,2
ACCD75Z5PKS5RHNY,1/10/2016 12:34:09,2016,1,2.49265E+15,2.49265E+15,425,1,\N,\N,COD,6,8.80416579764772E+018,-1.38052799886612E+018,CE,EntertainmentSmall,Speaker,LaptopSpeaker,1000,7
ACCD78ED47MTDYJP,1/6/2016 15:09:40,2016,1,2.48927E+15,2.48927E+15,1449,1,\N,\N,Prepaid,7,6.59777932247495E+018,5.58160011297779E+018,CE,EntertainmentSmall,Speaker,LaptopSpeaker,2500,3
ACCD78ED47MTDYJP,1/31/2016 15:04:08,2016,1,3.51088E+15,3.51088E+15,1449,1,\N,\N,COD,5,5.21577199687093E+018,-8.02011359574059E+018,CE,EntertainmentSmall,Speaker,LaptopSpeaker,2500,3
ACCD78EDQMUX5USK,1/22/2016 12:10:46,2016,1,1.503E+15,1.503E+15,2749,1,\N,\N,COD,8,-5.20862248359607E+018,2.642255169446E+018,CE,EntertainmentSmall,HomeAudio,HomeAudioSpeaker,2800,5
ACCD78EDZMMWBHMJ,1/5/2016 16:11:43,2016,1,3.48845E+15,3.48845E+15,800,1,\N,\N,COD,7,3.76640005659128E+018,-6.31837845311576E+018,CE,EntertainmentSmall,Speaker,LaptopSpeaker,1099,1
ACCD79CFHRYCFZ3V,1/22/2016 23:18:19,2016,1,4.5034E+15,4.5034E+15,1549,1,\N,\N,COD,7,-8.42941845184098E+018,-9.779010321304E+017,CE,GamingHardware,GamingAccessory,GamePad,2990,5
ACCD7AHFD3PJAH3F,1/31/2016 16:04:06,2016,1,4.51091E+15,4.51091E+15,309,1,\N,\N,COD,6,3.84988844340735E+018,7.48289784935748E+018,CE,CameraAccessory,CameraAccessory,Lens,599,2
ACCD7AHFD3PJAH3F,1/24/2016 12:26:40,2016,1,1.50474E+15,1.50474E+15,305,1,\N,\N,Prepaid,8,-8.06334914434087E+017,-1.66520385900161E+018,CE,CameraAccessory,CameraAccessory,Lens,599,2
ACCD7AHFD3PJAH3F,1/25/2016 18:06:00,2016,1,2.5058E+15,2.5058E+15,305,1,\N,\N,COD,8,6.70728252071853E+018,2.29071613221484E+018,CE,CameraAccessory,CameraAccessory,Lens,599,2
ACCD7AHFD3PJAH3F,1/20/2016 0:31:12,2016,1,3.50085E+15,3.50085E+15,309,1,\N,\N,Prepaid,5,8.44276894822437E+018,-4.66264784811505E+018,CE,CameraAccessory,CameraAccessory,Lens,599,2
ACCD7AHFD3PJAH3F,1/2/2016 13:06:39,2016,1,4.48575E+15,4.48575E+15,309,1,\N,\N,COD,6,4.38278911102936E+018,2.642255169446E+018,CE,CameraAccessory,CameraAccessory,Lens,599,2
ACCD7AHFD3PJAH3F,1/21/2016 16:51:49,2016,1,2.50231E+15,2.50231E+15,309,1,\N,\N,COD,8,-8.04346895220115E+018,-5.06848715171091E+018,CE,CameraAccessory,CameraAccessory,Lens,599,2
ACCD7AHFD3PJAH3F,1/4/2016 0:41:30,2016,1,1.48703E+15,1.48703E+15,309,1,\N,\N,COD,5,9.0581724352209E+018,-3.44475142860749E+018,CE,CameraAccessory,CameraAccessory,Lens,599,2
ACCD7AHFD3PJAH3F,1/24/2016 11:32:08,2016,1,4.50471E+15,4.50471E+15,309,1,\N,\N,COD,12,1.17135656420379E+018,-5.27448677686188E+018,CE,CameraAccessory,CameraAccessory,Lens,599,2
ACCD7AHFD3PJAH3F,1/31/2016 22:07:19,2016,1,4.51113E+15,4.51113E+15,270,1,\N,\N,COD,8,-1.81537820300988E+018,-8.71405607534002E+018,CE,CameraAccessory,CameraAccessory,Lens,599,2
ACCD7AHFD3PJAH3F,1/27/2016 16:29:32,2016,1,4.50747E+15,4.50747E+15,305,1,\N,\N,COD,7,2.9182170089589E+017,-8.87921815755517E+018,CE,CameraAccessory,CameraAccessory,Lens,599,2
ACCD7FZ6PXZDGZBZ,1/4/2016 20:42:07,2016,1,3.48775E+15,3.48775E+15,255,1,\N,\N,Prepaid,13,7.82454058520639E+018,-7.20491563443865E+017,CE,CameraAccessory,CameraAccessory,CameraBattery,395,5
ACCD7FZ6PXZDGZBZ,1/9/2016 8:47:39,2016,1,2.49164E+15,2.49164E+15,255,1,\N,\N,COD,9,-9.47121640912074E+016,2.72639725368587E+018,CE,CameraAccessory,CameraAccessory,CameraBattery,395,5
ACCD7FZ6PXZDGZBZ,1/21/2016 14:49:18,2016,1,1.50223E+15,1.50223E+15,225,1,\N,\N,COD,7,-5.51302500276334E+018,-6.03266161471385E+018,CE,CameraAccessory,CameraAccessory,CameraBattery,395,5
ACCD7FZ6PXZDGZBZ,1/2/2016 21:49:05,2016,1,2.48607E+15,2.48607E+15,225,1,\N,\N,COD,10,-3.82629147440793E+018,-8.11705637370462E+018,CE,CameraAccessory,CameraAccessory,CameraBattery,395,5
ACCD7FZ6PXZDGZBZ,1/8/2016 10:30:06,2016,1,4.49084E+15,4.49084E+15,255,1,\N,\N,COD,8,2.58603305297733E+018,2.40601507828879E+017,CE,CameraAccessory,CameraAccessory,CameraBattery,395,5
ACCD7FZ6PXZDGZBZ,1/21/2016 8:35:09,2016,1,1.502E+15,1.502E+15,255,1,\N,\N,COD,10,1.65833627898943E+018,2.10389890187623E+018,CE,CameraAccessory,CameraAccessory,CameraBattery,395,5
ACCD7QFRHHTBBGMM,1/18/2016 19:27:36,2016,1,4.4998E+15,4.4998E+15,349,1,\N,\N,Prepaid,6,8.54704082398592E+017,-7.3176558593387E+018,CE,GamingHardware,GamingAccessory,GamePad,349,0
ACCD7QFRHHTBBGMM,1/10/2016 13:01:38,2016,1,4.49266E+15,4.49266E+15,349,1,\N,\N,Prepaid,5,-6.3774508395434E+018,-4.81610673274363E+018,CE,GamingHardware,GamingAccessory,GamePad,349,0
ACCD7QFRHHTBBGMM,1/25/2016 8:56:28,2016,1,3.50547E+15,3.50547E+15,329,1,\N,\N,Prepaid,1,-8.22433094183148E+018,-6.18830472015878E+018,CE,GamingHardware,GamingAccessory,GamePad,349,0
ACCD7QFRHHTBBGMM,1/16/2016 21:42:33,2016,1,2.49816E+15,2.49816E+15,369,1,\N,\N,Prepaid,2,4.82491735716452E+018,8.52272150037951E+017,CE,GamingHardware,GamingAccessory,GamePad,349,0
ACCD7QFRHHTBBGMM,1/9/2016 18:01:31,2016,1,4.49198E+15,4.49198E+15,349,1,\N,\N,COD,5,3.20050727006224E+018,-3.9217864927838E+018,CE,GamingHardware,GamingAccessory,GamePad,349,0
ACCD7QFRHHTBBGMM,1/18/2016 20:03:37,2016,1,4.49983E+15,4.49983E+15,369,1,\N,\N,COD,6,5.08119085837064E+018,1.62701491969219E+018,CE,GamingHardware,GamingAccessory,GamePad,349,0
ACCD7QFRHHTBBGMM,1/2/2016 12:28:07,2016,1,2.48573E+15,2.48573E+15,365,1,\N,\N,Prepaid,6,8.00239410980524E+018,-3.75356773159118E+018,CE,GamingHardware,GamingAccessory,GamePad,349,0
ACCD7QFRHHTBBGMM,1/7/2016 18:24:48,2016,1,3.49026E+15,3.49026E+15,365,1,\N,\N,COD,5,3.49091066363865E+018,-2.59085934195625E+018,CE,GamingHardware,GamingAccessory,GamePad,349,0
ACCD8DGPBQKCYPKC,1/14/2016 20:13:14,2016,1,2.49638E+15,2.49638E+15,565,1,\N,\N,COD,5,-1.36128822475754E+018,8.71547950984255E+017,CE,EntertainmentSmall,Speaker,LaptopSpeaker,518,4
ACCD8DHHAYCHNJZZ,1/12/2016 15:02:03,2016,1,4.49446E+15,4.49446E+15,4950,1,\N,\N,Prepaid,3,8.6630681945847E+018,-8.73172057409978E+018,CE,EntertainmentSmall,HomeAudio,HomeAudioSpeaker,6346,5
ACCD8G66Z3ZBFZWJ,1/23/2016 22:34:12,2016,1,3.50424E+15,3.50424E+15,1011,1,\N,\N,Prepaid,6,7.16293399365966E+018,2.69507730706987E+018,CE,CameraAccessory,CameraAccessory,CameraBattery,1400,5
ACCD8GXFK8GDRFYX,1/17/2016 3:35:00,2016,1,2.49837E+15,2.49837E+15,12850,1,\N,\N,Prepaid,7,-1.9482202587721E+018,-4.05231249413746E+018,CE,CameraAccessory,CameraAccessory,Binoculars,13950,5
ACCD967FJNA8NXNW,1/31/2016 11:20:38,2016,1,2.51075E+15,2.51075E+15,1499,1,\N,\N,COD,6,-7.16086596554479E+018,1.67429713609079E+018,CE,CameraAccessory,CameraAccessory,Binoculars,830,10
ACCD9Q2GQUQV6KTG,1/29/2016 17:32:09,2016,1,4.50924E+15,4.50924E+15,555,1,\N,\N,Prepaid,4,6.9553787395732E+017,-8.13320379369054E+017,CE,CameraAccessory,CameraAccessory,Binoculars,300,2
ACCD9Q2GQUQV6KTG,1/31/2016 10:52:37,2016,1,2.51072E+15,2.51072E+15,555,1,\N,\N,COD,1,3.775720158909E+018,6.28063694568033E+018,CE,CameraAccessory,CameraAccessory,Binoculars,300,2
ACCD9Q2GQUQV6KTG,1/9/2016 20:17:10,2016,1,2.49205E+15,2.49205E+15,599,1,\N,\N,COD,11,-4.91658339460394E+018,3.88310135199061E+018,CE,CameraAccessory,CameraAccessory,Binoculars,300,2
ACCD9Q2ZZRTZGGVD,1/16/2016 20:36:30,2016,1,1.49812E+15,1.49812E+15,1699,1,\N,\N,COD,6,-3.73108528515897E+018,-1.14222021257931E+018,CE,CameraAccessory,CameraAccessory,Binoculars,2290,2
ACCD9SUMXYZXHE5U,1/8/2016 20:21:13,2016,1,1.4912E+15,1.4912E+15,770,1,\N,\N,COD,5,2.19141236013728E+018,-5.65439213558167E+017,CE,EntertainmentSmall,Speaker,LaptopSpeaker,1300,3
ACCD9SUMXYZXHE5U,1/10/2016 19:09:37,2016,1,1.49287E+15,1.49287E+15,765,1,\N,\N,Prepaid,5,7.70116327598032E+018,-5.80189265305348E+018,CE,EntertainmentSmall,Speaker,LaptopSpeaker,1300,3
ACCD9SUMXYZXHE5U,1/5/2016 1:06:56,2016,1,4.48791E+15,4.48791E+15,765,1,\N,\N,Prepaid,2,4.47621686897975E+018,4.33728142950301E+018,CE,EntertainmentSmall,Speaker,LaptopSpeaker,1300,3
ACCD9SUMXYZXHE5U,1/26/2016 11:53:43,2016,1,1.50645E+15,1.50645E+15,765,1,\N,\N,COD,1,7.8524217491046E+018,-9.779010321304E+017,CE,EntertainmentSmall,Speaker,LaptopSpeaker,1300,3
ACCD9SUMXYZXHE5U,1/28/2016 16:59:10,2016,1,2.50835E+15,2.50835E+15,749,1,\N,\N,COD,7,3.9564546226574E+018,2.22291239299478E+018,CE,EntertainmentSmall,Speaker,LaptopSpeaker,1300,3
ACCD9Z3CAT5MZZHH,1/13/2016 14:26:41,2016,1,3.49531E+15,3.49531E+15,445,1,\N,\N,COD,7,-2.89768603650913E+018,-3.96717139477873E+017,CE,EntertainmentSmall,Speaker,LaptopSpeaker,750,-1
ACCDAFFXGHZFTHUW,1/5/2016 2:58:20,2016,1,3.48796E+15,3.48796E+15,2499,1,\N,\N,COD,8,4.20801225002822E+018,7.60553595372127E+018,CE,CameraAccessory,CameraAccessory,Binoculars,3999,4
ACCDAFFXPGUERTVA,1/21/2016 12:12:19,2016,1,1.50214E+15,1.50214E+15,3890,1,\N,\N,COD,4,3.7168103769187E+018,2.40365977236618E+018,CE,CameraAccessory,CameraAccessory,Binoculars,4800,3
ACCDAFFXYDRDZQJF,1/23/2016 17:39:38,2016,1,3.50406E+15,3.50406E+15,2600,1,\N,\N,Prepaid,8,-8.21807314424037E+018,-6.06855305191498E+018,CE,CameraAccessory,CameraAccessory,Binoculars,3307,1
ACCDAGSHU2ZYMHCF,1/4/2016 2:16:07,2016,1,1.48709E+15,1.48709E+15,780,1,\N,\N,COD,8,-7.22652925925721E+018,6.91580864332622E+018,CE,CameraAccessory,CameraAccessory,CameraTripod,1450,4
ACCDAGSHU2ZYMHCF,1/22/2016 12:59:42,2016,1,1.50303E+15,1.50303E+15,780,1,\N,\N,COD,4,-3.35025833574398E+018,4.79427064452622E+017,CE,CameraAccessory,CameraAccessory,CameraTripod,1450,4
ACCDAGSHU2ZYMHCF,1/14/2016 18:52:06,2016,1,4.49633E+15,4.49633E+15,780,1,\N,\N,COD,3,6.73135705267455E+018,6.28063694568033E+018,CE,CameraAccessory,CameraAccessory,CameraTripod,1450,4
ACCDAGUD5DRGMMF2,1/3/2016 15:47:34,2016,1,1.4867E+15,1.4867E+15,33375,1,\N,\N,COD,8,7.24222295709953E+018,-3.26487680834635E+018,CE,CameraAccessory,CameraAccessory,Flash,33995,3
ACCDAGWN36HZZANC,1/5/2016 13:58:08,2016,1,3.48837E+15,3.48837E+15,7780,1,\N,\N,COD,9,-7.33295289934101E+018,5.79150209788308E+018,CE,CameraAccessory,CameraAccessory,Lens,7990,2
ACCDAGWNGB4JZ5YV,1/1/2016 15:53:02,2016,1,4.48499E+15,4.48499E+15,11090,1,\N,\N,COD,8,-4.22306901863508E+018,-2.52268669241394E+018,CE,CameraAccessory,CameraAccessory,Lens,12990,0
ACCDAW7ECFQYHBU7,1/8/2016 20:25:40,2016,1,1.4912E+15,1.4912E+15,524,1,\N,\N,Prepaid,6,-7.47165231631156E+018,2.49519640631845E+018,CE,CameraAccessory,CameraStorage,CameraStorageMemoryCard,1341,3
ACCDAW7ECFQYHBU7,1/30/2016 19:40:52,2016,1,2.51018E+15,2.51018E+15,529,1,\N,\N,COD,4,1.90493622139538E+018,3.89555533589714E+018,CE,CameraAccessory,CameraStorage,CameraStorageMemoryCard,1341,3
ACCDAW7ECFQYHBU7,1/6/2016 16:21:05,2016,1,3.48933E+15,3.48933E+15,529,1,\N,\N,COD,3,-4.17876294365495E+018,-1.93194671368437E+018,CE,CameraAccessory,CameraStorage,CameraStorageMemoryCard,1341,3
ACCDAW7ECFQYHBU7,1/26/2016 9:38:22,2016,1,2.50637E+15,2.50637E+15,525,1,\N,\N,COD,6,-6.5179135227367E+018,7.40935065368634E+018,CE,CameraAccessory,CameraStorage,CameraStorageMemoryCard,1341,3
ACCDAW7ECFQYHBU7,1/31/2016 15:45:07,2016,1,2.5109E+15,2.5109E+15,525,1,\N,\N,Prepaid,3,-6.13017901236465E+018,-2.91124015945252E+018,CE,CameraAccessory,CameraStorage,CameraStorageMemoryCard,1341,3
ACCDAW7ECFQYHBU7,1/2/2016 11:15:32,2016,1,2.48568E+15,2.48568E+15,535,1,\N,\N,COD,5,7.68319646740519E+018,-5.63767073878499E+018,CE,CameraAccessory,CameraStorage,CameraStorageMemoryCard,1341,3
ACCDAW7ECFQYHBU7,1/31/2016 12:40:43,2016,1,3.5108E+15,3.5108E+15,525,1,\N,\N,COD,5,9.05130377587151E+018,-8.37240107718573E+018,CE,CameraAccessory,CameraStorage,CameraStorageMemoryCard,1341,3
ACCDAW7ECFQYHBU7,1/29/2016 8:31:07,2016,1,3.5089E+15,3.5089E+15,525,1,\N,\N,Prepaid,3,6.44316494425516E+018,-7.84624146281966E+018,CE,CameraAccessory,CameraStorage,CameraStorageMemoryCard,1341,3
ACCDAW7ECFQYHBU7,1/23/2016 12:55:13,2016,1,2.50389E+15,2.50389E+15,525,1,\N,\N,Prepaid,9,-6.35270034105464E+018,3.02836454163297E+018,CE,CameraAccessory,CameraStorage,CameraStorageMemoryCard,1341,3
ACCDAW7ECFQYHBU7,1/17/2016 12:21:37,2016,1,3.49869E+15,3.49869E+15,525,1,\N,\N,COD,3,-1.97346377229119E+018,7.93747481456281E+018,CE,CameraAccessory,CameraStorage,CameraStorageMemoryCard,1341,3
ACCDAW7ECFQYHBU7,1/17/2016 14:24:07,2016,1,4.49876E+15,4.49876E+15,525,1,\N,\N,COD,3,-1.67133424275591E+018,-5.1750058942027E+018,CE,CameraAccessory,CameraStorage,CameraStorageMemoryCard,1341,3
ACCDAW7ECFQYHBU7,1/20/2016 12:55:00,2016,1,3.50129E+15,3.50129E+15,529,1,\N,\N,Prepaid,4,2.86041701658688E+018,-9.03104320709149E+018,CE,CameraAccessory,CameraStorage,CameraStorageMemoryCard,1341,3
ACCDAW7ECFQYHBU7,1/27/2016 19:04:05,2016,1,4.50756E+15,4.50756E+15,525,1,\N,\N,Prepaid,3,-1.07799861748069E+018,-6.58350438182264E+018,CE,CameraAccessory,CameraStorage,CameraStorageMemoryCard,1341,3
ACCDAW7ECFQYHBU7,1/26/2016 8:37:43,2016,1,1.50633E+15,1.50633E+15,520,1,\N,\N,COD,4,9.09525169879009E+018,4.63442838666094E+017,CE,CameraAccessory,CameraStorage,CameraStorageMemoryCard,1341,3
ACCDAW7ECFQYHBU7,1/5/2016 21:18:38,2016,1,3.48864E+15,3.48864E+15,529,1,\N,\N,COD,7,8.95813529539155E+017,-1.63841077103757E+018,CE,CameraAccessory,CameraStorage,CameraStorageMemoryCard,1341,3
ACCDAW7ECFQYHBU7,1/20/2016 1:45:44,2016,1,2.5009E+15,2.5009E+15,529,1,\N,\N,COD,4,8.64668858355764E+018,-9.03104320709149E+018,CE,CameraAccessory,CameraStorage,CameraStorageMemoryCard,1341,3
ACCDAW7ECFQYHBU7,1/5/2016 10:41:00,2016,1,1.48826E+15,1.48826E+15,529,1,\N,\N,COD,8,-2.60927540185293E+018,2.96781049016123E+018,CE,CameraAccessory,CameraStorage,CameraStorageMemoryCard,1341,3
ACCDAW7ECFQYHBU7,1/28/2016 23:40:32,2016,1,3.50859E+15,3.50859E+15,525,1,\N,\N,COD,4,-8.44495613218196E+018,6.00226071723868E+018,CE,CameraAccessory,CameraStorage,CameraStorageMemoryCard,1341,3
ACCDAW7ECFQYHBU7,1/21/2016 22:55:18,2016,1,1.50252E+15,1.50252E+15,525,1,\N,\N,COD,6,7.85962805509803E+018,-3.75356773159118E+018,CE,CameraAccessory,CameraStorage,CameraStorageMemoryCard,1341,3
ACCDAW7ECFQYHBU7,1/28/2016 19:39:39,2016,1,4.50845E+15,4.50845E+15,529,1,\N,\N,Prepaid,5,4.20892813667501E+018,5.25533856044629E+018,CE,CameraAccessory,CameraStorage,CameraStorageMemoryCard,1341,3
ACCDAW7ECFQYHBU7,1/25/2016 11:52:37,2016,1,4.50556E+15,4.50556E+15,525,1,\N,\N,Prepaid,7,2.29445637508454E+018,-4.49096754093503E+017,CE,CameraAccessory,CameraStorage,CameraStorageMemoryCard,1341,3
ACCDAW7ECFQYHBU7,1/6/2016 3:15:20,2016,1,2.48885E+15,2.48885E+15,529,1,\N,\N,Prepaid,3,6.51111587050574E+018,-1.78050760490657E+018,CE,CameraAccessory,CameraStorage,CameraStorageMemoryCard,1341,3
ACCDAW7ECFQYHBU7,1/4/2016 19:28:06,2016,1,4.4877E+15,4.4877E+15,529,1,\N,\N,COD,4,-7.97497135757212E+018,-1.65848405959617E+018,CE,CameraAccessory,CameraStorage,CameraStorageMemoryCard,1341,3
ACCDAW7ECFQYHBU7,1/27/2016 21:27:39,2016,1,1.50765E+15,1.50765E+15,525,1,\N,\N,COD,5,5.55530440824663E+018,6.69069180946762E+018,CE,CameraAccessory,CameraStorage,CameraStorageMemoryCard,1341,3
ACCDAW7ECFQYHBU7,1/16/2016 22:32:04,2016,1,4.49818E+15,4.49818E+15,525,1,\N,\N,COD,5,8.4702428994672E+018,-9.17414043298184E+018,CE,CameraAccessory,CameraStorage,CameraStorageMemoryCard,1341,3
ACCDAW7ECFQYHBU7,1/16/2016 15:39:06,2016,1,4.49794E+15,4.49794E+15,529,1,\N,\N,COD,6,3.43697991841311E+018,-4.42458057271286E+018,CE,CameraAccessory,CameraStorage,CameraStorageMemoryCard,1341,3
ACCDAW7ECFQYHBU7,1/4/2016 17:23:07,2016,1,2.48764E+15,2.48764E+15,530,1,\N,\N,COD,5,-2.3145257418956E+018,-4.00156781686047E+018,CE,CameraAccessory,CameraStorage,CameraStorageMemoryCard,1341,3
ACCDAW7ECFQYHBU7,1/28/2016 20:23:09,2016,1,4.50848E+15,4.50848E+15,525,1,\N,\N,Prepaid,3,8.52082572402821E+018,8.52272150037951E+017,CE,CameraAccessory,CameraStorage,CameraStorageMemoryCard,1341,3
ACCDAW7ECFQYHBU7,1/17/2016 13:46:02,2016,1,3.4987E+15,3.4987E+15,525,1,\N,\N,COD,4,-9.81776760102918E+017,3.40184161746225E+018,CE,CameraAccessory,CameraStorage,CameraStorageMemoryCard,1341,3
ACCDAW7ECFQYHBU7,1/22/2016 20:48:23,2016,1,3.50331E+15,3.50331E+15,525,1,\N,\N,COD,6,-7.92366792551947E+018,6.65424955479021E+017,CE,CameraAccessory,CameraStorage,CameraStorageMemoryCard,1341,3
ACCDAW7ECFQYHBU7,1/8/2016 20:37:10,2016,1,2.49121E+15,2.49121E+15,2096,4,\N,\N,COD,8,-4.55724440118412E+018,4.24157901120667E+018,CE,CameraAccessory,CameraStorage,CameraStorageMemoryCard,1341,3
ACCDAW7ECFQYHBU7,1/20/2016 10:41:40,2016,1,1.50122E+15,1.50122E+15,529,1,\N,\N,COD,10,-5.30754650747358E+018,-3.7399700215565E+018,CE,CameraAccessory,CameraStorage,CameraStorageMemoryCard,1341,3
ACCDAW7ECFQYHBU7,1/31/2016 16:09:37,2016,1,2.51092E+15,2.51092E+15,525,1,\N,\N,Prepaid,3,8.39053147204236E+018,-4.07144769943364E+018,CE,CameraAccessory,CameraStorage,CameraStorageMemoryCard,1341,3
ACCDAW7ECFQYHBU7,1/4/2016 22:33:37,2016,1,2.48782E+15,2.48782E+15,530,1,\N,\N,COD,5,-8.85624056552846E+017,-2.0482190648733E+018,CE,CameraAccessory,CameraStorage,CameraStorageMemoryCard,1341,3
ACCDAXEJZZBDM6DV,1/16/2016 14:17:08,2016,1,4.49789E+15,4.49789E+15,450,1,\N,\N,COD,7,-8.01327714085379E+018,-1.66520385900161E+018,CE,GamingHardware,GamingAccessory,GamingMousePad,450,2
ACCDAZRPHZ7YG5TP,1/15/2016 14:50:34,2016,1,1.49704E+15,1.49704E+15,3049,1,\N,\N,COD,7,-3.35544081880608E+018,-3.51221449655732E+018,CE,EntertainmentSmall,HomeAudio,HomeAudioSpeaker,4199,3
ACCDBJZVZ8AQRZGZ,1/26/2016 2:11:53,2016,1,3.50609E+15,3.50609E+15,599,1,\N,\N,COD,9,-1.76439681621434E+018,9.22528533677933E+017,CE,GamingHardware,GamingAccessory,GamePad,800,2
ACCDBRD4BWR7BGZX,1/9/2016 21:59:11,2016,1,1.49212E+15,1.49212E+15,928,1,\N,\N,COD,8,-6.17100645653741E+018,-5.08386255183971E+018,CE,EntertainmentSmall,Speaker,LaptopSpeaker,1099,0
ACCDBRD4BWR7BGZX,1/27/2016 14:06:31,2016,1,4.50738E+15,4.50738E+15,949,1,\N,\N,Prepaid,6,-5.54320822070201E+018,9.17989544641328E+018,CE,EntertainmentSmall,Speaker,LaptopSpeaker,1099,0
ACCDCUAHKBWEZAFE,1/7/2016 16:32:08,2016,1,2.4902E+15,2.4902E+15,650,1,\N,\N,Prepaid,5,-7.60170965344866E+018,-5.11215135034814E+018,CE,EntertainmentSmall,Speaker,MobileSpeaker,1000,2
ACCDCUAHKBWEZAFE,1/28/2016 21:00:36,2016,1,1.5085E+15,1.5085E+15,650,1,\N,\N,COD,5,-1.70396837227171E+018,7.24640890721324E+018,CE,EntertainmentSmall,Speaker,MobileSpeaker,1000,2
ACCDCVGFMGHVCTDX,1/2/2016 18:11:59,2016,1,3.48594E+15,3.48594E+15,750,1,\N,\N,COD,4,5.65998183170632E+018,-2.63397444155684E+018,CE,EntertainmentSmall,Speaker,MobileSpeaker,1000,2
ACCDCWZRZM3TXPMG,1/5/2016 11:43:31,2016,1,3.48829E+15,3.48829E+15,549,1,\N,\N,COD,8,-3.27407941943597E+018,1.20112040934783E+018,CE,EntertainmentSmall,Speaker,LaptopSpeaker,1679,1
ACCDCZXZC6UFV3PT,1/9/2016 16:04:17,2016,1,1.4919E+15,1.4919E+15,4940,1,\N,\N,Prepaid,5,-6.99056052795359E+018,1.84491554653458E+017,CE,EntertainmentSmall,Speaker,LaptopSpeaker,9999,1
ACCDCZXZC6UFV3PT,1/2/2016 12:24:07,2016,1,4.48572E+15,4.48572E+15,5000,1,\N,\N,Prepaid,5,-6.84350005152351E+018,5.48199598207883E+017,CE,EntertainmentSmall,Speaker,LaptopSpeaker,9999,1
ACCDCZYJJBNAKGHY,1/17/2016 16:24:56,2016,1,2.49883E+15,2.49883E+15,3649,1,\N,\N,Prepaid,5,7.96454571210618E+017,6.19547639233356E+018,CE,CameraAccessory,CameraAccessory,CameraBag,4250,5
ACCDD3H9HBFDFSK9,1/15/2016 15:20:00,2016,1,4.49706E+15,4.49706E+15,4099,1,\N,\N,COD,4,-7.3774640145287E+018,4.33728142950301E+018,CE,GamingHardware,GamingAccessory,GamingKeyboard,4995,3
ACCDD5HJMRGNR89J,1/9/2016 13:38:09,2016,1,2.49181E+15,2.49181E+15,6329,1,\N,\N,Prepaid,1,2.11006778996291E+017,-5.29440396203385E+018,CE,EntertainmentSmall,HomeAudio,HomeAudioSpeaker,7990,4
ACCDDDE2AJWGHH7X,1/16/2016 13:48:02,2016,1,4.49787E+15,4.49787E+15,1399,1,\N,\N,COD,8,-7.95053508524592E+017,-5.95140519144698E+018,CE,CameraAccessory,CameraAccessory,Lens,1799,3
ACCDDEHY6DSZWXYH,1/22/2016 3:54:56,2016,1,3.5027E+15,3.5027E+15,934,1,\N,\N,COD,3,-7.85388045332294E+018,4.86730653163784E+018,CE,GamingHardware,GamingAccessory,GamingHeadset,50000,14
ACCDDEHY6DSZWXYH,1/1/2016 4:01:26,2016,1,4.48456E+15,4.48456E+15,849,1,\N,\N,COD,4,7.98046634804342E+018,3.71221309469184E+018,CE,GamingHardware,GamingAccessory,GamingHeadset,50000,14
ACCDDEHY6DSZWXYH,1/9/2016 20:19:34,2016,1,1.49206E+15,1.49206E+15,1099,1,\N,\N,Prepaid,2,-4.3292583218143E+017,-2.24953069655176E+018,CE,GamingHardware,GamingAccessory,GamingHeadset,50000,14
ACCDDEHY6DSZWXYH,1/20/2016 21:20:50,2016,1,1.5016E+15,1.5016E+15,934,1,\N,\N,COD,3,6.93975446863463E+018,-6.72776938159661E+018,CE,GamingHardware,GamingAccessory,GamingHeadset,50000,14
ACCDDEHY6DSZWXYH,1/10/2016 22:32:09,2016,1,4.493E+15,4.493E+15,849,1,\N,\N,COD,6,3.7709798440645E+018,-3.34546516168539E+017,CE,GamingHardware,GamingAccessory,GamingHeadset,50000,14
ACCDDEHY6DSZWXYH,1/23/2016 12:26:36,2016,1,1.50387E+15,1.50387E+15,934,1,\N,\N,COD,2,-6.37366129321056E+018,2.3813835946272E+018,CE,GamingHardware,GamingAccessory,GamingHeadset,50000,14
ACCDDEHY6DSZWXYH,1/10/2016 14:55:09,2016,1,3.49273E+15,3.49273E+15,849,1,\N,\N,COD,3,3.7882224948411E+018,-4.37694439036262E+018,CE,GamingHardware,GamingAccessory,GamingHeadset,50000,14
ACCDDEHY6DSZWXYH,1/10/2016 18:56:08,2016,1,4.49287E+15,4.49287E+15,849,1,\N,\N,COD,5,2.85149876133711E+018,1.32791653256211E+018,CE,GamingHardware,GamingAccessory,GamingHeadset,50000,14
ACCDDEHY6DSZWXYH,1/27/2016 13:47:38,2016,1,2.50737E+15,2.50737E+15,934,1,\N,\N,COD,3,-5.8914146152252E+018,-3.55508320863683E+018,CE,GamingHardware,GamingAccessory,GamingHeadset,50000,14
ACCDDEHY6DSZWXYH,1/23/2016 21:33:46,2016,1,4.5042E+15,4.5042E+15,934,1,\N,\N,COD,4,-5.72142285920639E+017,1.67429713609079E+018,CE,GamingHardware,GamingAccessory,GamingHeadset,50000,14
ACCDDEHY6DSZWXYH,1/5/2016 18:02:35,2016,1,3.48852E+15,3.48852E+15,1099,1,\N,\N,COD,3,-8.23048202855245E+018,-6.17824940283821E+018,CE,GamingHardware,GamingAccessory,GamingHeadset,50000,14
ACCDDEHY6DSZWXYH,1/25/2016 19:52:38,2016,1,4.50585E+15,4.50585E+15,934,1,\N,\N,COD,3,-4.63051461060328E+018,6.60301247322568E+018,CE,GamingHardware,GamingAccessory,GamingHeadset,50000,14
ACCDDEHY6DSZWXYH,1/11/2016 13:13:45,2016,1,4.49353E+15,4.49353E+15,799,1,\N,\N,Prepaid,7,3.25141386926687E+018,-3.9957922426461E+018,CE,GamingHardware,GamingAccessory,GamingHeadset,50000,14
ACCDDEHY6DSZWXYH,1/21/2016 22:10:20,2016,1,3.5025E+15,3.5025E+15,934,1,\N,\N,COD,4,3.2918949362258E+017,-1.27204528656784E+018,CE,GamingHardware,GamingAccessory,GamingHeadset,50000,14
ACCDDEHY6DSZWXYH,1/21/2016 19:14:43,2016,1,1.50239E+15,1.50239E+15,860,1,\N,\N,Prepaid,2,3.7412213876799E+018,8.64964845601641E+018,CE,GamingHardware,GamingAccessory,GamingHeadset,50000,14
ACCDDEHY6DSZWXYH,1/10/2016 13:20:37,2016,1,3.49267E+15,3.49267E+15,849,1,\N,\N,COD,3,8.93247146960731E+018,7.46916408724415E+017,CE,GamingHardware,GamingAccessory,GamingHeadset,50000,14
ACCDDEHY6DSZWXYH,1/1/2016 8:52:12,2016,1,3.48473E+15,3.48473E+15,849,1,\N,\N,Prepaid,4,6.71280647442523E+018,-1.52242718657533E+018,CE,GamingHardware,GamingAccessory,GamingHeadset,50000,14
ACCDDEHY6DSZWXYH,1/20/2016 23:33:43,2016,1,2.50168E+15,2.50168E+15,934,1,\N,\N,COD,4,2.58916316076306E+018,-7.91828931422526E+018,CE,GamingHardware,GamingAccessory,GamingHeadset,50000,14
ACCDDEHY6DSZWXYH,1/10/2016 12:12:08,2016,1,1.49263E+15,1.49263E+15,849,1,\N,\N,COD,2,-8.50205239722316E+018,-3.78485856209515E+018,CE,GamingHardware,GamingAccessory,GamingHeadset,50000,14
ACCDDEHY6DSZWXYH,1/23/2016 9:59:59,2016,1,4.50378E+15,4.50378E+15,934,1,\N,\N,COD,5,-2.0665159899434E+018,-9.05933450169233E+018,CE,GamingHardware,GamingAccessory,GamingHeadset,50000,14
ACCDDEHY6DSZWXYH,1/10/2016 20:39:11,2016,1,4.49294E+15,4.49294E+15,849,1,\N,\N,Prepaid,1,-5.66448328282175E+018,4.14360102060124E+018,CE,GamingHardware,GamingAccessory,GamingHeadset,50000,14
ACCDDEHY6DSZWXYH,1/24/2016 18:17:35,2016,1,1.50495E+15,1.50495E+15,934,1,\N,\N,Prepaid,3,4.01153056566679E+018,8.05294753692345E+018,CE,GamingHardware,GamingAccessory,GamingHeadset,50000,14
ACCDDEHY6DSZWXYH,1/10/2016 19:31:49,2016,1,4.4929E+15,4.4929E+15,849,1,\N,\N,COD,6,3.79778997228909E+018,-4.32366332441831E+018,CE,GamingHardware,GamingAccessory,GamingHeadset,50000,14
ACCDDEHY6DSZWXYH,1/5/2016 20:29:55,2016,1,1.48861E+15,1.48861E+15,1099,1,\N,\N,Prepaid,2,-7.88712646238718E+018,5.34735360997242E+017,CE,GamingHardware,GamingAccessory,GamingHeadset,50000,14
ACCDDEHY6DSZWXYH,1/22/2016 18:04:14,2016,1,2.50321E+15,2.50321E+15,934,1,\N,\N,COD,4,2.58916316076306E+018,-7.91828931422526E+018,CE,GamingHardware,GamingAccessory,GamingHeadset,50000,14
ACCDDEHY6DSZWXYH,1/23/2016 9:10:43,2016,1,2.50375E+15,2.50375E+15,934,1,\N,\N,COD,3,-6.16235075607083E+018,8.82101105057231E+017,CE,GamingHardware,GamingAccessory,GamingHeadset,50000,14
ACCDDEHY6DSZWXYH,1/11/2016 11:39:59,2016,1,1.49348E+15,1.49348E+15,849,1,\N,\N,COD,5,6.64889903145665E+018,7.33810287854992E+018,CE,GamingHardware,GamingAccessory,GamingHeadset,50000,14
ACCDDEHY6DSZWXYH,1/22/2016 6:47:44,2016,1,2.5028E+15,2.5028E+15,934,1,\N,\N,COD,3,-8.12230599899309E+018,3.20393455068873E+018,CE,GamingHardware,GamingAccessory,GamingHeadset,50000,14
ACCDDQGDT5SN2HKV,1/30/2016 21:41:08,2016,1,4.51026E+15,4.51026E+15,250,1,\N,\N,COD,5,3.52813218479985E+018,1.43590924496511E+018,CE,CameraAccessory,CameraAccessory,Lens,550,1
ACCDDZKCGQNRHAMU,1/31/2016 23:43:39,2016,1,1.51119E+15,1.51119E+15,339,1,\N,\N,COD,8,8.72209293521005E+018,-5.39121186675904E+018,CE,CameraAccessory,CameraAccessory,Lens,450,-1
ACCDEVVF8NQ29AT4,1/31/2016 16:09:36,2016,1,3.51091E+15,3.51091E+15,1149,1,\N,\N,COD,7,1.07848495106098E+018,4.71452751513037E+018,CE,EntertainmentSmall,Speaker,LaptopSpeaker,2990,3
ACCDEVVF8NQ29AT4,1/7/2016 10:37:39,2016,1,2.48998E+15,2.48998E+15,1349,1,\N,\N,COD,7,8.84221223589256E+018,8.47330617269713E+018,CE,EntertainmentSmall,Speaker,LaptopSpeaker,2990,3
ACCDEVVF8NQ29AT4,1/7/2016 17:26:42,2016,1,3.49023E+15,3.49023E+15,3957,3,\N,\N,COD,4,-2.71805595932196E+018,3.19048272542699E+018,CE,EntertainmentSmall,Speaker,LaptopSpeaker,2990,3
ACCDEVVF8NQ29AT4,1/10/2016 19:45:12,2016,1,3.4929E+15,3.4929E+15,1349,1,\N,\N,COD,8,2.56068631404479E+018,-6.77331000786177E+018,CE,EntertainmentSmall,Speaker,LaptopSpeaker,2990,3
ACCDEVVF8NQ29AT4,1/20/2016 12:37:17,2016,1,1.50129E+15,1.50129E+15,1229,1,\N,\N,COD,7,-7.65722651244311E+018,8.09526504005107E+018,CE,EntertainmentSmall,Speaker,LaptopSpeaker,2990,3
ACCDEVVF8NQ29AT4,1/23/2016 15:06:35,2016,1,4.50397E+15,4.50397E+15,1229,1,\N,\N,COD,9,-2.76893164105771E+018,5.20869391252454E+018,CE,EntertainmentSmall,Speaker,LaptopSpeaker,2990,3
ACCDEVVF8NQ29AT4,1/9/2016 19:05:08,2016,1,1.49202E+15,1.49202E+15,1333,1,\N,\N,COD,7,-9.21594422348643E+017,8.0696189706469E+018,CE,EntertainmentSmall,Speaker,LaptopSpeaker,2990,3
ACCDEVVF8NQ29AT4,1/1/2016 10:05:15,2016,1,3.48478E+15,3.48478E+15,1425,1,\N,\N,COD,8,3.26355984426736E+018,-8.40290592869248E+018,CE,EntertainmentSmall,Speaker,LaptopSpeaker,2990,3
ACCDEVVF8NQ29AT4,1/18/2016 13:05:56,2016,1,2.49957E+15,2.49957E+15,1249,1,\N,\N,COD,9,1.13048185883956E+018,4.83307725769463E+018,CE,EntertainmentSmall,Speaker,LaptopSpeaker,2990,3
ACCDEVVF8NQ29AT4,1/16/2016 22:07:31,2016,1,3.49817E+15,3.49817E+15,1249,1,\N,\N,Prepaid,9,-7.83012504091021E+018,8.00910274715175E+018,CE,EntertainmentSmall,Speaker,LaptopSpeaker,2990,3
ACCDEVVF8NQ29AT4,1/31/2016 8:59:09,2016,1,2.51066E+15,2.51066E+15,1149,1,\N,\N,COD,6,9.21403062728806E+018,2.43061895086983E+018,CE,EntertainmentSmall,Speaker,LaptopSpeaker,2990,3
ACCDEVVF8NQ29AT4,1/30/2016 19:01:07,2016,1,4.51016E+15,4.51016E+15,1149,1,\N,\N,COD,7,5.27949772331616E+018,-2.12279890434767E+018,CE,EntertainmentSmall,Speaker,LaptopSpeaker,2990,3
ACCDEVVF8NQ29AT4,1/7/2016 20:42:10,2016,1,3.49034E+15,3.49034E+15,1349,1,\N,\N,Prepaid,7,-4.78871974315826E+018,-6.24191268393845E+018,CE,EntertainmentSmall,Speaker,LaptopSpeaker,2990,3
ACCDEVVF8NQ29AT4,1/4/2016 11:11:04,2016,1,2.48741E+15,2.48741E+15,1449,1,\N,\N,Prepaid,6,1.32704275937351E+018,-9.14154096037157E+018,CE,EntertainmentSmall,Speaker,LaptopSpeaker,2990,3
ACCDEVVF8NQ29AT4,1/16/2016 21:41:34,2016,1,3.49816E+15,3.49816E+15,1219,1,\N,\N,Prepaid,5,-3.61758586522513E+018,2.9884848436252E+018,CE,EntertainmentSmall,Speaker,LaptopSpeaker,2990,3
ACCDEVVF8NQ29AT4,1/26/2016 15:59:16,2016,1,4.50659E+15,4.50659E+15,1249,1,\N,\N,Prepaid,8,-2.91246030765244E+018,-2.63996714241968E+017,CE,EntertainmentSmall,Speaker,LaptopSpeaker,2990,3
ACCDEVVF8NQ29AT4,1/15/2016 23:43:02,2016,1,1.49737E+15,1.49737E+15,1398,1,\N,\N,COD,5,8.72656179133833E+016,-2.12129605536398E+018,CE,EntertainmentSmall,Speaker,LaptopSpeaker,2990,3
ACCDEVVF8NQ29AT4,1/2/2016 18:02:09,2016,1,2.48593E+15,2.48593E+15,1449,1,\N,\N,COD,8,1.10001159365911E+018,8.96081412170821E+018,CE,EntertainmentSmall,Speaker,LaptopSpeaker,2990,3
ACCDEVVF8NQ29AT4,1/13/2016 0:37:12,2016,1,3.49481E+15,3.49481E+15,1349,1,\N,\N,Prepaid,9,-3.03555039008729E+018,3.91454170274896E+018,CE,EntertainmentSmall,Speaker,LaptopSpeaker,2990,3
ACCDF2Z7KXGSZEP7,1/23/2016 7:25:15,2016,1,1.50369E+15,1.50369E+15,329,1,\N,\N,COD,7,9.01118671964581E+017,-9.779010321304E+017,CE,GamingHardware,GamingAccessory,GamePad,350,3
ACCDF2Z7KXGSZEP7,1/17/2016 3:18:55,2016,1,2.49836E+15,2.49836E+15,329,1,\N,\N,COD,4,3.58242918901726E+017,4.86730653163784E+018,CE,GamingHardware,GamingAccessory,GamePad,350,3
ACCDF2Z7KXGSZEP7,1/27/2016 16:19:01,2016,1,1.50746E+15,1.50746E+15,329,1,\N,\N,COD,6,-5.71916245502893E+018,-3.88785454698072E+018,CE,GamingHardware,GamingAccessory,GamePad,350,3
ACCDF2Z7KXGSZEP7,1/14/2016 14:46:04,2016,1,3.49618E+15,3.49618E+15,329,1,\N,\N,COD,4,-6.066401646752E+018,-2.57200223149231E+018,CE,GamingHardware,GamingAccessory,GamePad,350,3
ACCDF2Z7KXGSZEP7,1/22/2016 20:47:18,2016,1,4.50331E+15,4.50331E+15,329,1,\N,\N,COD,4,5.93036186945563E+018,2.64420813449445E+018,CE,GamingHardware,GamingAccessory,GamePad,350,3
ACCDF2Z7KXGSZEP7,1/25/2016 10:22:54,2016,1,2.50553E+15,2.50553E+15,329,1,\N,\N,COD,4,-7.09438118583166E+018,1.45214785746179E+018,CE,GamingHardware,GamingAccessory,GamePad,350,3
ACCDF8FZUDPCFGYZ,1/3/2016 19:00:40,2016,1,4.48683E+15,4.48683E+15,4099,1,\N,\N,COD,4,-7.68765405750204E+017,-1.28576536118147E+018,CE,EntertainmentSmall,Speaker,MobileSpeaker,9990,-1
ACCDFAYU2HHCFMYQ,1/27/2016 15:17:33,2016,1,1.50743E+15,1.50743E+15,709,1,\N,\N,COD,6,9.05715985238604E+018,-1.52629105776117E+018,CE,CameraAccessory,CameraAccessory,CameraBatteryCharger,990,1
ACCDFE9YFG6FWMQU,1/31/2016 1:17:59,2016,1,4.51038E+15,4.51038E+15,999,1,\N,\N,COD,6,3.5768762397436E+018,1.45214785746179E+018,CE,CameraAccessory,CameraAccessory,CameraBag,1195,1
ACCDFE9YQUZ5GNSW,1/17/2016 2:22:53,2016,1,2.49833E+15,2.49833E+15,999,1,\N,\N,Prepaid,7,-1.97042291259603E+018,-2.43999809627014E+018,CE,CameraAccessory,CameraAccessory,CameraBag,1599,2
ACCDFE9YRFGKCXC8,1/10/2016 18:29:09,2016,1,3.49285E+15,3.49285E+15,599,1,\N,\N,COD,4,-6.36727467413617E+018,7.21739063036116E+018,CE,CameraAccessory,CameraAccessory,CameraBag,3125,14
ACCDFFA6NCZXY3H8,1/20/2016 13:28:14,2016,1,2.50132E+15,2.50132E+15,8499,1,\N,\N,COD,4,5.48266483485126E+018,-1.15511233364207E+018,CE,GamingHardware,GamingAccessory,JoystickGamingWheel,11999,2
ACCDFFSDN8HNAGGE,1/19/2016 11:19:56,2016,1,4.50038E+15,4.50038E+15,2585,1,\N,\N,COD,6,3.28548858442335E+018,-5.58079031630123E+018,CE,GamingHardware,GamingAccessory,GamingHeadset,4375,0
ACCDFFSDN8HNAGGE,1/27/2016 13:52:03,2016,1,1.50738E+15,1.50738E+15,2555,1,\N,\N,COD,4,3.15361936712595E+018,-1.83637589333905E+018,CE,GamingHardware,GamingAccessory,GamingHeadset,4375,0
ACCDFFSDZ6TXGYHQ,1/5/2016 13:54:35,2016,1,2.48838E+15,2.48838E+15,2499,1,\N,\N,COD,4,-1.92320067360251E+018,-8.44823200993426E+018,CE,GamingHardware,GamingAccessory,GamingHeadset,4376,3
ACCDFHR7T7MC4ZNA,1/22/2016 3:31:29,2016,1,1.50269E+15,1.50269E+15,2899,1,\N,\N,COD,6,-5.73274744343831E+018,-8.11705637370462E+018,CE,GamingHardware,GamingAccessory,GamePad,4570,2